date,trips,precipitation,snow_depth,snowfall,max_t,min_t,average_wind_speed,dow,year,month,holiday,stations_in_service,weekday,weekday_non_holiday,dt,day,season
2013-7-1,16650,0.838583,0,0,25,22.2,3.13171,1,2013,7,0,329,1,1,2.8,1,2
2013-7-2,22745,0.0787402,0,0,27.8,22.2,2.68432,2,2013,7,0,329,1,1,5.6,2,2
2013-7-3,21864,0.531496,0,0,28.3,22.8,4.25018,3,2013,7,0,329,1,1,5.5,3,2
2013-7-4,22326,0,0,0,30.6,23.9,4.25018,4,2013,7,1,329,1,0,6.7,4,2
2013-7-5,21842,0,0,0,32.2,24.4,4.92126,5,2013,7,0,329,1,1,7.8,5,2
2013-7-6,20467,0,0,0,33.3,25.6,4.47387,6,2013,7,0,329,0,0,7.7,6,2
2013-7-7,20477,0,0,0,33.3,25.6,4.25018,0,2013,7,0,329,0,0,7.7,7,2
2013-7-8,21615,0.220472,0,0,31.7,22.8,4.69757,1,2013,7,0,329,1,1,8.9,8,2
2013-7-9,26641,0.228346,0,0,31.1,23.3,3.13171,2,2013,7,0,329,1,1,7.8,9,2
2013-7-10,25732,0,0,0,29.4,23.9,4.25018,3,2013,7,0,329,1,1,5.5,10,2
2013-7-11,24417,0,0,0,28.9,24.4,3.80279,4,2013,7,0,329,1,1,4.5,11,2
2013-7-12,19006,0.251969,0,0,25,20,9.61883,5,2013,7,0,329,1,1,5,12,2
2013-7-13,26119,0.0590551,0,0,27.2,19.4,5.36865,6,2013,7,0,329,0,0,7.8,13,2
2013-7-14,29287,0,0,0,32.2,23.3,4.02649,0,2013,7,0,329,0,0,8.9,14,2
2013-7-15,28069,0,0,0,34.4,25.6,3.5791,1,2013,7,0,329,1,1,8.8,15,2
2013-7-16,29842,0,0,0,34.4,25,4.69757,2,2013,7,0,329,1,1,9.4,16,2
2013-7-17,30550,0,0,0,36.1,26.1,3.3554,3,2013,7,0,329,1,1,10,17,2
2013-7-18,28869,0,0,0,36.7,27.2,3.80279,4,2013,7,0,329,1,1,9.5,18,2
2013-7-19,26591,0,0,0,35.6,28.3,5.14495,5,2013,7,0,329,1,1,7.3,19,2
2013-7-20,25278,0,0,0,33.9,27.2,5.81603,6,2013,7,0,329,0,0,6.7,20,2
2013-7-21,30297,0,0,0,31.7,24.4,4.69757,0,2013,7,0,329,0,0,7.3,21,2
2013-7-22,25979,0.0590551,0,0,30,23.9,4.92126,1,2013,7,0,329,1,1,6.1,22,2
2013-7-23,32376,0.311024,0,0,30.6,22.8,4.25018,2,2013,7,0,329,1,1,7.8,23,2
2013-7-24,35271,0,0,0,28.3,20,4.47387,3,2013,7,0,329,1,1,8.3,24,2
2013-7-25,31084,0.011811,0,0,20,17.8,8.94775,4,2013,7,0,329,1,1,2.2,25,2
2013-7-26,34534,0,0,0,28.3,18.3,5.14495,5,2013,7,0,329,1,1,10,26,2
2013-7-27,32470,0,0,0,27.8,21.1,3.3554,6,2013,7,0,329,0,0,6.7,27,2
2013-7-28,23508,0.240157,0,0,25.6,21.1,2.01324,0,2013,7,0,329,0,0,4.5,28,2
2013-7-29,34915,0.011811,0,0,29.4,20.6,3.80279,1,2013,7,0,329,1,1,8.8,29,2
2013-7-30,37334,0,0,0,28.3,19.4,4.02649,2,2013,7,0,329,1,1,8.9,30,2
2013-7-31,37261,0,0,0,28.3,19.4,2.90802,3,2013,7,0,329,1,1,8.9,31,2
2013-8-1,20138,0.649606,0,0,24.4,18.9,2.90802,4,2013,8,0,329,1,1,5.5,1,2
2013-8-2,35792,0,0,0,28.3,19.4,4.47387,5,2013,8,0,329,1,1,8.9,2,2
2013-8-3,29540,0.0590551,0,0,25.6,20,3.3554,6,2013,8,0,329,0,0,5.6,3,2
2013-8-4,35253,0,0,0,26.7,18.9,5.14495,0,2013,8,0,329,0,0,7.8,4,2
2013-8-5,36776,0,0,0,25.6,16.7,3.3554,1,2013,8,0,329,1,1,8.9,5,2
2013-8-6,37702,0,0,0,27.8,17.8,2.68432,2,2013,8,0,329,1,1,10,6,2
2013-8-7,34396,0,0,0,26.7,21.1,5.14495,3,2013,8,0,329,1,1,5.6,7,2
2013-8-8,28366,0.46063,0,0,27.2,21.1,4.47387,4,2013,8,0,329,1,1,6.1,8,2
2013-8-9,29017,0.0511811,0,0,29.4,23.3,4.25018,5,2013,8,0,329,1,1,6.1,9,2
2013-8-10,37201,0,0,0,28.3,21.1,4.92126,6,2013,8,0,329,0,0,7.2,10,2
2013-8-11,33060,0,0,0,27.2,18.3,2.46063,0,2013,8,0,329,0,0,8.9,11,2
2013-8-12,31457,0.0511811,0,0,27.8,21.1,2.01324,1,2013,8,0,329,1,1,6.7,12,2
2013-8-13,22437,0.850394,0,0,25,20,2.68432,2,2013,8,0,329,1,1,5,13,2
2013-8-14,38150,0,0,0,23.3,16.1,6.48712,3,2013,8,0,329,1,1,7.2,14,2
2013-8-15,37386,0,0,0,25.6,15,3.5791,4,2013,8,0,329,1,1,10.6,15,2
2013-8-16,35991,0,0,0,27.8,17.8,2.01324,5,2013,8,0,329,1,1,10,16,2
2013-8-17,37285,0,0,0,28.9,17.8,2.01324,6,2013,8,0,329,0,0,11.1,17,2
2013-8-18,27612,0,0,0,24.4,20,2.90802,0,2013,8,0,329,0,0,4.4,18,2
2013-8-19,33127,0,0,0,26.1,18.9,3.3554,1,2013,8,0,329,1,1,7.2,19,2
2013-8-20,35843,0,0,0,31.1,20,2.90802,2,2013,8,0,329,1,1,11.1,20,2
2013-8-21,36315,0,0,0,32.2,22.2,2.46063,3,2013,8,0,329,1,1,10,21,2
2013-8-22,26629,0.251969,0,0,25.6,21.7,3.80279,4,2013,8,0,329,1,1,3.9,22,2
2013-8-23,33503,0,0,0,27.8,21.7,5.59234,5,2013,8,0,329,1,1,6.1,23,2
2013-8-24,32941,0,0,0,26.7,18.3,4.92126,6,2013,8,0,329,0,0,8.4,24,2
2013-8-25,31755,0,0,0,28.3,17.8,4.02649,0,2013,8,0,329,0,0,10.5,25,2
2013-8-26,29979,0.0393701,0,0,28.9,20,5.81603,1,2013,8,0,329,1,1,8.9,26,2
2013-8-27,34208,0.011811,0,0,30.6,21.7,4.69757,2,2013,8,0,329,1,1,8.9,27,2
2013-8-28,28185,0.429134,0,0,30,21.7,2.68432,3,2013,8,0,330,1,1,8.3,28,2
2013-8-29,34215,0,0,0,26.7,21.7,4.92126,4,2013,8,0,330,1,1,5,29,2
2013-8-30,32318,0,0,0,29.4,21.1,4.25018,5,2013,8,0,330,1,1,8.3,30,2
2013-8-31,25381,0,0,0,30,22.8,4.92126,6,2013,8,0,330,0,0,7.2,31,2
2013-9-1,25235,0,0,0,28.9,23.9,2.46063,0,2013,9,0,330,0,0,5,1,3
2013-9-2,21416,0.0511811,0,0,27.8,23.3,0.894775,1,2013,9,1,330,1,0,4.5,2,3
2013-9-3,32411,0.0314961,0,0,27.8,20,2.90802,2,2013,9,0,330,1,1,7.8,3,3
2013-9-4,36798,0,0,0,27.8,18.3,5.36865,3,2013,9,0,330,1,1,9.5,4,3
2013-9-5,35825,0,0,0,26.7,17.8,5.59234,4,2013,9,0,330,1,1,8.9,5,3
2013-9-6,35868,0,0,0,22.2,13.9,3.5791,5,2013,9,0,330,1,1,8.3,6,3
2013-9-7,34419,0,0,0,26.7,15,3.3554,6,2013,9,0,330,0,0,11.7,7,3
2013-9-8,33196,0,0,0,28.3,17.8,6.48712,0,2013,9,0,330,0,0,10.5,8,3
2013-9-9,35394,0,0,0,22.8,13.9,4.25018,1,2013,9,0,330,1,1,8.9,9,3
2013-9-10,36954,0.011811,0,0,30.6,20,5.81603,2,2013,9,0,330,1,1,10.6,10,3
2013-9-11,35812,0,0,0,35.6,25,4.47387,3,2013,9,0,330,1,1,10.6,11,3
2013-9-12,31252,1.59843,0,0,30.6,21.1,4.02649,4,2013,9,0,330,1,1,9.5,12,3
2013-9-13,36501,0.0590551,0,0,25,15,5.14495,5,2013,9,0,330,1,1,10,13,3
2013-9-14,31607,0,0,0,19.4,12.2,4.69757,6,2013,9,0,330,0,0,7.2,14,3
2013-9-15,31914,0,0,0,22.8,10.6,3.80279,0,2013,9,0,330,0,0,12.2,15,3
2013-9-16,31287,0.0314961,0,0,22.8,13.3,4.69757,1,2013,9,0,330,1,1,9.5,16,3
2013-9-17,38283,0,0,0,18.3,10,4.69757,2,2013,9,0,330,1,1,8.3,17,3
2013-9-18,37957,0,0,0,22.2,10.6,2.68432,3,2013,9,0,330,1,1,11.6,18,3
2013-9-19,39200,0,0,0,25.6,12.8,2.46063,4,2013,9,0,330,1,1,12.8,19,3
2013-9-20,39382,0,0,0,26.1,15.6,3.13171,5,2013,9,0,330,1,1,10.5,20,3
2013-9-21,31826,0.720472,0,0,25,16.1,4.47387,6,2013,9,0,330,0,0,8.9,21,3
2013-9-22,29758,0.448819,0,0,20.6,12.2,5.81603,0,2013,9,0,330,0,0,8.4,22,3
2013-9-23,35152,0,0,0,18.9,10,4.02649,1,2013,9,0,330,1,1,8.9,23,3
2013-9-24,38417,0,0,0,22.8,8.3,4.02649,2,2013,9,0,330,1,1,14.5,24,3
2013-9-25,38223,0,0,0,22.8,11.1,1.78955,3,2013,9,0,330,1,1,11.7,25,3
2013-9-26,38189,0,0,0,21.7,14.4,3.5791,4,2013,9,0,330,1,1,7.3,26,3
2013-9-27,37412,0,0,0,20.6,13.9,4.69757,5,2013,9,0,330,1,1,6.7,27,3
2013-9-28,34931,0,0,0,22.8,13.3,4.47387,6,2013,9,0,330,0,0,9.5,28,3
2013-9-29,32592,0,0,0,22.2,13.9,3.13171,0,2013,9,0,330,0,0,8.3,29,3
2013-9-30,37148,0,0,0,23.9,13.3,3.3554,1,2013,9,0,330,1,1,10.6,30,3
2013-10-1,40575,0,0,0,27.8,15,2.01324,2,2013,10,0,330,1,1,12.8,1,3
2013-10-2,41383,0,0,0,28.3,17.8,4.02649,3,2013,10,0,330,1,1,10.5,2,3
2013-10-3,40456,0,0,0,25.6,17.2,1.56586,4,2013,10,0,330,1,1,8.4,3,3
2013-10-4,40195,0,0,0,30,18.9,2.90802,5,2013,10,0,330,1,1,11.1,4,3
2013-10-5,34181,0,0,0,24.4,17.8,3.5791,6,2013,10,0,330,0,0,6.6,5,3
2013-10-6,26574,0,0,0,21.1,18.3,5.81603,0,2013,10,0,330,0,0,2.8,6,3
2013-10-7,25016,0.251969,0,0,24.4,15.6,5.81603,1,2013,10,0,330,1,1,8.8,7,3
2013-10-8,38365,0,0,0,19.4,12.2,6.03973,2,2013,10,0,330,1,1,7.2,8,3
2013-10-9,36969,0,0,0,16.7,11.7,8.50036,3,2013,10,0,330,1,1,5,9,3
2013-10-10,31171,0,0,0,18.3,12.2,8.94775,4,2013,10,0,330,1,1,6.1,10,3
2013-10-11,33357,0.019685,0,0,20,15.6,9.39513,5,2013,10,0,330,1,1,4.4,11,3
2013-10-12,32457,0,0,0,22.2,15.6,11.1847,6,2013,10,0,330,0,0,6.6,12,3
2013-10-13,28832,0,0,0,18.3,13.3,8.50036,0,2013,10,0,330,0,0,5,13,3
2013-10-14,33018,0,0,0,18.9,11.1,2.46063,1,2013,10,0,330,1,1,7.8,14,3
2013-10-15,37534,0,0,0,22.2,11.7,2.90802,2,2013,10,0,330,1,1,10.5,15,3
2013-10-16,36911,0,0,0,19.4,13.3,3.13171,3,2013,10,0,330,1,1,6.1,16,3
2013-10-17,36888,0.019685,0,0,22.8,16.1,2.68432,4,2013,10,0,330,1,1,6.7,17,3
2013-10-18,38122,0,0,0,20,12.8,6.71081,5,2013,10,0,330,1,1,7.2,18,3
2013-10-19,29548,0.011811,0,0,17.8,11.1,3.3554,6,2013,10,0,330,0,0,6.7,19,3
2013-10-20,29256,0,0,0,17.2,10,5.59234,0,2013,10,0,330,0,0,7.2,20,3
2013-10-21,35012,0,0,0,18.9,10,3.80279,1,2013,10,0,330,1,1,8.9,21,3
2013-10-22,36338,0,0,0,19.4,10.6,4.47387,2,2013,10,0,330,1,1,8.8,22,3
2013-10-23,32365,0,0,0,12.8,7.2,4.47387,3,2013,10,0,330,1,1,5.6,23,3
2013-10-24,32251,0,0,0,12.2,5,6.71081,4,2013,10,0,330,1,1,7.2,24,3
2013-10-25,30979,0,0,0,11.7,4.4,5.14495,5,2013,10,0,330,1,1,7.3,25,3
2013-10-26,24569,0,0,0,12.8,5,6.26342,6,2013,10,0,330,0,0,7.8,26,3
2013-10-27,23965,0,0,0,14.4,7.8,5.14495,0,2013,10,0,330,0,0,6.6,27,3
2013-10-28,31498,0,0,0,16.1,6.1,4.47387,1,2013,10,0,330,1,1,10,28,3
2013-10-29,33414,0,0,0,13.3,6.7,4.92126,2,2013,10,0,330,1,1,6.6,29,3
2013-10-30,35069,0,0,0,15.6,8.3,2.01324,3,2013,10,0,330,1,1,7.3,30,3
2013-10-31,31444,0.0590551,0,0,18.9,11.7,3.5791,4,2013,10,0,330,1,1,7.2,31,3
2013-11-1,30384,0.129921,0,0,21.1,15,4.92126,5,2013,11,0,330,1,1,6.1,1,3
2013-11-2,31013,0,0,0,20,12.8,3.80279,6,2013,11,0,330,0,0,7.2,2,3
2013-11-3,20798,0,0,0,12.8,2.8,6.26342,0,2013,11,0,330,0,0,10,3,3
2013-11-4,27142,0,0,0,7.8,1.7,6.48712,1,2013,11,0,330,1,1,6.1,4,3
2013-11-5,31493,0,0,0,12.8,5,4.02649,2,2013,11,0,330,1,1,7.8,5,3
2013-11-6,34826,0,0,0,16.1,9.4,3.5791,3,2013,11,0,330,1,1,6.7,6,3
2013-11-7,25719,0.129921,0,0,17.8,6.7,6.71081,4,2013,11,0,330,1,1,11.1,7,3
2013-11-8,28686,0,0,0,10,4.4,8.72405,5,2013,11,0,330,1,1,5.6,8,3
2013-11-9,21734,0,0,0,10,3.3,4.92126,6,2013,11,0,330,0,0,6.7,9,3
2013-11-10,19712,0,0,0,16.1,6.7,7.60558,0,2013,11,0,330,0,0,9.4,10,3
2013-11-11,27295,0,0,0,11.7,6.1,6.48712,1,2013,11,0,330,1,1,5.6,11,3
2013-11-12,19925,0.0314961,0,0,11.1,-0.5,6.26342,2,2013,11,0,329,1,1,11.6,12,3
2013-11-13,23633,0,0,0,3.9,-1.6,6.03973,3,2013,11,0,329,1,1,5.5,13,3
2013-11-14,27040,0,0,0,11.1,0.6,8.05297,4,2013,11,0,329,1,1,10.5,14,3
2013-11-15,29051,0,0,0,13.9,6.7,4.69757,5,2013,11,0,330,1,1,7.2,15,3
2013-11-16,25194,0.0511811,0,0,15.6,7.2,2.68432,6,2013,11,0,330,0,0,8.4,16,3
2013-11-17,17995,0.0314961,0,0,15.6,10.6,3.5791,0,2013,11,0,330,0,0,5,17,3
2013-11-18,30615,0.220472,0,0,18.3,10.6,7.38189,1,2013,11,0,330,1,1,7.7,18,3
2013-11-19,27417,0,0,0,10.6,2.2,9.17144,2,2013,11,0,330,1,1,8.4,19,3
2013-11-20,26229,0,0,0,6.7,0,6.9345,3,2013,11,0,330,1,1,6.7,20,3
2013-11-21,28752,0,0,0,11.1,1.7,4.92126,4,2013,11,0,330,1,1,9.4,21,3
2013-11-22,25448,0.0708661,0,0,13.9,10.6,6.26342,5,2013,11,0,330,1,1,3.3,22,3
2013-11-23,18996,0,0,0,12.2,-0.5,9.61883,6,2013,11,0,330,0,0,12.7,23,3
2013-11-24,9392,0,0,0,-1,-4.9,12.0795,0,2013,11,0,330,0,0,3.9,24,3
2013-11-25,19116,0,0,0,1.7,-4.9,5.81603,1,2013,11,0,330,1,1,6.6,25,3
2013-11-26,14999,0.511811,0,0,8.3,0.6,4.25018,2,2013,11,0,330,1,1,7.7,26,3
2013-11-27,7976,1.98031,0,0,16.7,1.7,9.61883,3,2013,11,0,330,1,1,15,27,3
2013-11-28,5204,0,0,0,1.7,-1,7.1582,4,2013,11,1,330,1,0,2.7,28,3
2013-11-29,10127,0,0,0,3.9,-1.6,3.80279,5,2013,11,1,330,1,0,5.5,29,3
2013-11-30,9863,0,0,0,3.9,-3.8,5.14495,6,2013,11,0,330,0,0,7.7,30,3
2013-12-1,13326,0,0,0,9.4,2.2,1.78955,0,2013,12,0,330,0,0,7.2,1,4
2013-12-2,24576,0,0,0,9.4,5,3.13171,1,2013,12,0,330,1,1,4.4,2,4
2013-12-3,27431,0,0,0,11.7,3.3,3.13171,2,2013,12,0,330,1,1,8.4,3,4
2013-12-4,28199,0,0,0,11.1,5,2.90802,3,2013,12,0,330,1,1,6.1,4,4
2013-12-5,26988,0.011811,0,0,15.6,8.9,2.46063,4,2013,12,0,330,1,1,6.7,5,4
2013-12-6,10736,0.728346,0,0,16.7,2.8,5.81603,5,2013,12,0,330,1,1,13.9,6,4
2013-12-7,15545,0.141732,0,0,5,0,6.03973,6,2013,12,0,330,0,0,5,7,4
2013-12-8,10090,0.0787402,0,0.708661,0.6,-1.6,6.26342,0,2013,12,0,330,0,0,2.2,8,4
2013-12-9,14824,0.299213,0,0,3.9,-0.5,6.71081,1,2013,12,0,330,1,1,4.4,9,4
2013-12-10,12850,0.228346,0,1.41732,2.8,-1,6.48712,2,2013,12,0,330,1,1,3.8,10,4
2013-12-11,18766,0,0,0,0.6,-2.7,7.60558,3,2013,12,0,330,1,1,3.3,11,4
2013-12-12,17214,0,0,0,-1,-4.9,7.38189,4,2013,12,0,329,1,1,3.9,12,4
2013-12-13,17888,0,0,0,1.7,-4.9,5.59234,5,2013,12,0,329,1,1,6.6,13,4
2013-12-14,3701,0.728346,0,5,1.1,-5.5,10.0662,6,2013,12,0,329,0,0,6.6,14,4
2013-12-15,7462,0.720472,3.14961,0,4.4,-1,8.72405,0,2013,12,0,329,0,0,5.4,15,4
2013-12-16,15562,0,3.14961,0,0.6,-3.8,7.82928,1,2013,12,0,329,1,1,4.4,16,4
2013-12-17,7863,0.188976,3.14961,1.49606,0,-4.3,6.03973,2,2013,12,0,329,1,1,4.3,17,4
2013-12-18,14924,0,3.93701,0,2.8,-4.9,6.71081,3,2013,12,0,329,1,1,7.7,18,4
2013-12-19,18766,0,3.14961,0,8.3,-1,4.92126,4,2013,12,0,329,1,1,9.3,19,4
2013-12-20,22066,0,3.14961,0,11.7,5,5.14495,5,2013,12,0,329,1,1,6.7,20,4
2013-12-21,17940,0.011811,1.1811,0,18.3,10.6,7.82928,6,2013,12,0,329,0,0,7.7,21,4
2013-12-22,15063,0,0,0,21.7,16.1,5.59234,0,2013,12,0,329,0,0,5.6,22,4
2013-12-23,6956,0.511811,0,0,17.8,5.6,4.69757,1,2013,12,0,329,1,1,12.2,23,4
2013-12-24,11025,0,0,0,5.6,-3.2,8.27666,2,2013,12,1,329,1,0,8.8,24,4
2013-12-25,3260,0,0,0,-0.5,-7.1,4.69757,3,2013,12,1,329,1,0,6.6,25,4
2013-12-26,9763,0,0,0,2.2,-1,5.36865,4,2013,12,0,329,1,1,3.2,26,4
2013-12-27,11720,0,0,0,4.4,-0.5,5.81603,5,2013,12,0,329,1,1,4.9,27,4
2013-12-28,12022,0,0,0,12.8,2.2,7.1582,6,2013,12,0,329,0,0,10.6,28,4
2013-12-29,3775,1.20079,0,0,8.9,5,6.03973,0,2013,12,0,329,0,0,3.9,29,4
2013-12-30,13241,0,0,0,7.2,-4.9,6.26342,1,2013,12,0,329,1,1,12.1,30,4
2013-12-31,10424,0,0,0,0,-6,5.81603,2,2013,12,0,329,1,1,6,31,4
2014-1-1,6059,0,0,0,0.6,-4.3,5.59234,3,2014,1,1,329,1,0,4.9,1,4
2014-1-2,8600,0.330709,0,3.11024,0.6,-7.7,12.3031,4,2014,1,0,329,1,1,8.3,2,4
2014-1-3,1144,0.291339,5.90551,3.30709,-7.7,-12.7,10.5136,5,2014,1,0,329,1,1,5,3,4
2014-1-4,2292,0,5.90551,0,-1.6,-13.2,4.92126,6,2014,1,0,329,0,0,11.6,4,4
2014-1-5,2678,0.141732,3.93701,0,4.4,-2.7,3.80279,0,2014,1,0,329,0,0,7.1,5,4
2014-1-6,9510,0.358268,1.1811,0,12.8,-7.1,8.50036,1,2014,1,0,329,1,1,19.9,6,4
2014-1-7,6267,0,0,0,-7.1,-15.5,13.1979,2,2014,1,0,329,1,1,8.4,7,4
2014-1-8,9246,0,0,0,-5.5,-12.7,7.1582,3,2014,1,0,329,1,1,7.2,8,4
2014-1-9,13354,0,0,0,0,-5.5,2.90802,4,2014,1,0,329,1,1,5.5,9,4
2014-1-10,9847,0.110236,0,0,2.8,-1,3.3554,5,2014,1,0,329,1,1,3.8,10,4
2014-1-11,7695,0.5,0,0,14.4,2.8,7.1582,6,2014,1,0,329,0,0,11.6,11,4
2014-1-12,12515,0.0511811,0,0,12.2,3.3,8.27666,0,2014,1,0,329,0,0,8.9,12,4
2014-1-13,20633,0,0,0,10.6,2.8,5.14495,1,2014,1,0,329,1,1,7.8,13,4
2014-1-14,9999,0.38189,0,0,11.1,6.7,4.92126,2,2014,1,0,328,1,1,4.4,14,4
2014-1-15,21630,0,0,0,8.3,3.9,2.90802,3,2014,1,0,329,1,1,4.4,15,4
2014-1-16,19953,0,0,0,5.6,2.2,4.02649,4,2014,1,0,329,1,1,3.4,16,4
2014-1-17,20301,0,0,0,6.7,0.6,3.5791,5,2014,1,0,329,1,1,6.1,17,4
2014-1-18,9438,0.0708661,0,0,5,-1.6,7.1582,6,2014,1,0,329,0,0,6.6,18,4
2014-1-19,9028,0,0,0,3.3,-4.3,7.38189,0,2014,1,0,329,0,0,7.6,19,4
2014-1-20,13407,0,0,0,7.8,-0.5,7.38189,1,2014,1,1,329,1,0,8.3,20,4
2014-1-21,3804,0.46063,0,10.9843,-0.5,-11.6,10.5136,2,2014,1,0,329,1,1,11.1,21,4
2014-1-22,2451,0.019685,11.0236,0.511811,-8.2,-14.9,8.72405,3,2014,1,0,329,1,1,6.7,22,4
2014-1-23,5071,0,7.08661,0,-6.6,-13.8,7.1582,4,2014,1,0,329,1,1,7.2,23,4
2014-1-24,6176,0,5.90551,0,-6.6,-12.1,8.05297,5,2014,1,0,329,1,1,5.5,24,4
2014-1-25,4338,0.0393701,3.93701,0.984252,-2.1,-7.1,7.60558,6,2014,1,0,329,0,0,5,25,4
2014-1-26,4980,0,3.93701,0,1.1,-8.2,7.71743,0,2014,1,0,329,0,0,9.3,26,4
2014-1-27,13119,0,3.14961,0,6.7,-6,7.82928,1,2014,1,0,329,1,1,12.7,27,4
2014-1-28,10033,0,1.1811,0,-6,-11,6.03973,2,2014,1,0,329,1,1,5,28,4
2014-1-29,10021,0.0393701,1.9685,0.787402,-4.9,-9.9,6.48712,3,2014,1,0,329,1,1,5,29,4
2014-1-30,12158,0,0.984252,0,-1,-8.8,3.80279,4,2014,1,0,329,1,1,7.8,30,4
2014-1-31,14653,0,1.1811,0,3.9,-3.8,4.92126,5,2014,1,0,329,1,1,7.7,31,4
2014-2-1,12771,0,1.1811,0,7.2,2.2,3.5791,6,2014,2,0,329,0,0,5,1,4
2014-2-2,13816,0,1.1811,0,13.3,3.9,3.13171,0,2014,2,0,329,0,0,9.4,2,4
2014-2-3,2600,1.16929,1.1811,7.99213,6.1,-2.7,6.71081,1,2014,2,0,329,1,1,8.8,3,4
2014-2-4,8709,0,7.87402,0,1.7,-5.5,2.23694,2,2014,2,0,329,1,1,7.2,4,4
2014-2-5,2746,1.42913,9.05512,4.01575,1.1,-1.6,7.1582,3,2014,2,0,329,1,1,2.7,5,4
2014-2-6,7196,0,9.05512,0,0,-6,4.02649,4,2014,2,0,329,1,1,6,6,4
2014-2-7,8495,0,9.05512,0,0,-4.3,6.71081,5,2014,2,0,329,1,1,4.3,7,4
2014-2-8,5986,0,9.05512,0,-1.6,-6,4.92126,6,2014,2,0,329,0,0,4.4,8,4
2014-2-9,4996,0.0984252,7.87402,1.1811,-0.5,-6,3.5791,0,2014,2,0,329,0,0,5.5,9,4
2014-2-10,6846,0,9.84252,0,-1.6,-6,7.1582,1,2014,2,0,329,1,1,4.4,10,4
2014-2-11,8343,0,9.84252,0,-3.2,-8.8,5.36865,2,2014,2,0,329,1,1,5.6,11,4
2014-2-12,8580,0,9.84252,0,-3.8,-10.5,5.81603,3,2014,2,0,329,1,1,6.7,12,4
2014-2-13,876,1.77953,11.811,9.48819,2.2,-4.3,12.5268,4,2014,2,0,329,1,1,6.5,13,4
2014-2-14,3609,0.299213,18.1102,2.99213,4.4,-0.5,10.5136,5,2014,2,0,329,1,1,4.9,14,4
2014-2-15,2261,0.129921,18.1102,1.61417,2.8,-2.7,9.39513,6,2014,2,0,329,0,0,5.5,15,4
2014-2-16,3003,0,18.1102,0,-1,-6,8.94775,0,2014,2,0,329,0,0,5,16,4
2014-2-17,4854,0,16.9291,0,0,-7.7,5.36865,1,2014,2,1,329,1,0,7.7,17,4
2014-2-18,5140,0.161417,18.1102,1.49606,3.9,-3.2,5.14495,2,2014,2,0,329,1,1,7.1,18,4
2014-2-19,8506,0.259843,16.9291,0,7.2,1.1,5.14495,3,2014,2,0,329,1,1,6.1,19,4
2014-2-20,11792,0.0314961,14.9606,0,10.6,2.8,4.92126,4,2014,2,0,329,1,1,7.8,20,4
2014-2-21,8680,0.0905512,12.9921,0,9.4,2.2,7.38189,5,2014,2,0,329,1,1,7.2,21,4
2014-2-22,13044,0,9.84252,0,12.2,4.4,7.1582,6,2014,2,0,329,0,0,7.8,22,4
2014-2-23,13324,0,9.05512,0,12.2,6.1,5.36865,0,2014,2,0,329,0,0,6.1,23,4
2014-2-24,12922,0,5.90551,0,6.7,-2.7,9.39513,1,2014,2,0,329,1,1,9.4,24,4
2014-2-25,12830,0,5.90551,0,0.6,-4.3,6.9345,2,2014,2,0,329,1,1,4.9,25,4
2014-2-26,11188,0.0314961,5.90551,0.19685,-0.5,-6.6,5.36865,3,2014,2,0,329,1,1,6.1,26,4
2014-2-27,12036,0,5.90551,0,1.1,-9.9,8.50036,4,2014,2,0,329,1,1,11,27,4
2014-2-28,9587,0,5.90551,0,-4.3,-12.7,4.69757,5,2014,2,0,329,1,1,8.4,28,4
2014-3-1,9202,0,5.90551,0,2.8,-6.6,4.47387,6,2014,3,0,332,0,0,9.4,1,1
2014-3-2,8195,0,5.11811,0,4.4,0,3.80279,0,2014,3,0,332,0,0,4.4,2,1
2014-3-3,7708,0.0393701,5.11811,0.11811,0,-8.2,6.71081,1,2014,3,0,332,1,1,8.2,3,1
2014-3-4,10398,0,5.11811,0,-1.6,-10.5,4.69757,2,2014,3,0,332,1,1,8.9,4,1
2014-3-5,13801,0,3.93701,0,3.9,-3.2,5.14495,3,2014,3,0,332,1,1,7.1,5,1
2014-3-6,12773,0,3.93701,0,-0.5,-8.8,8.50036,4,2014,3,0,332,1,1,8.3,6,1
2014-3-7,13304,0,3.93701,0,2.8,-3.2,7.82928,5,2014,3,0,332,1,1,6,7,1
2014-3-8,16350,0,3.14961,0,13.9,1.7,5.81603,6,2014,3,0,332,0,0,12.2,8,1
2014-3-9,12262,0,1.9685,0,6.7,2.2,6.26342,0,2014,3,0,332,0,0,4.5,9,1
2014-3-10,17231,0,1.1811,0,10.6,2.2,5.36865,1,2014,3,0,332,1,1,8.4,10,1
2014-3-11,24356,0,0,0,18.9,7.2,4.69757,2,2014,3,0,332,1,1,11.7,11,1
2014-3-12,15101,0.350394,0,0,13.3,0,5.36865,3,2014,3,0,332,1,1,13.3,12,1
2014-3-13,10979,0,0,0,0,-7.7,14.0927,4,2014,3,0,332,1,1,7.7,13,1
2014-3-14,16299,0,0,0,7.8,-5.5,5.59234,5,2014,3,0,332,1,1,13.3,14,1
2014-3-15,18053,0,0,0,14.4,5.6,8.94775,6,2014,3,0,332,0,0,8.8,15,1
2014-3-16,9851,0,0,0,5.6,-1,7.60558,0,2014,3,0,332,0,0,6.6,16,1
2014-3-17,12503,0,0,0,1.7,-4.9,8.05297,1,2014,3,0,332,1,1,6.6,17,1
2014-3-18,16679,0,0,0,6.1,-2.1,6.9345,2,2014,3,0,332,1,1,8.2,18,1
2014-3-19,13341,0.92126,0,0,7.8,0,7.1582,3,2014,3,0,332,1,1,7.8,19,1
2014-3-20,19695,0,0,0,12.2,4.4,8.05297,4,2014,3,0,332,1,1,7.8,20,1
2014-3-21,20718,0,0,0,10.6,3.9,7.60558,5,2014,3,0,332,1,1,6.7,21,1
2014-3-22,19880,0,0,0,17.2,5,6.9345,6,2014,3,0,332,0,0,12.2,22,1
2014-3-23,11740,0,0,0,5.6,-2.7,7.38189,0,2014,3,0,332,0,0,8.3,23,1
2014-3-24,13598,0,0,0,1.7,-6,6.71081,1,2014,3,0,332,1,1,7.7,24,1
2014-3-25,16037,0,0,0,3.9,-3.2,5.81603,2,2014,3,0,332,1,1,7.1,25,1
2014-3-26,14500,0,0,0,2.2,-4.3,11.8558,3,2014,3,0,332,1,1,6.5,26,1
2014-3-27,16666,0,0,0,6.7,-5.5,6.71081,4,2014,3,0,332,1,1,12.2,27,1
2014-3-28,18425,0.0393701,0,0,16.7,2.8,5.36865,5,2014,3,0,332,1,1,13.9,28,1
2014-3-29,4480,1.81102,0,0,15,6.1,10.7373,6,2014,3,0,332,0,0,8.9,29,1
2014-3-30,7907,0.350394,0,0,9.4,3.9,10.0662,0,2014,3,0,332,0,0,5.5,30,1
2014-3-31,17085,0.161417,0,0,13.3,2.2,8.27666,1,2014,3,0,332,1,1,11.1,31,1
2014-4-1,23908,0,0,0,15.6,3.9,4.69757,2,2014,4,0,332,1,1,11.7,1,1
2014-4-2,22515,0,0,0,12.2,5.6,2.01324,3,2014,4,0,332,1,1,6.6,2,1
2014-4-3,26321,0.0708661,0,0,19.4,7.8,3.80279,4,2014,4,0,332,1,1,11.6,3,1
2014-4-4,12566,0.208661,0,0,8.3,4.4,8.50036,5,2014,4,0,332,1,1,3.9,4,1
2014-4-5,18655,0,0,0,12.2,4.4,8.50036,6,2014,4,0,332,0,0,7.8,5,1
2014-4-6,20750,0,0,0,16.1,2.2,4.25018,0,2014,4,0,332,0,0,13.9,6,1
2014-4-7,14677,0.519685,0,0,11.7,6.1,6.03973,1,2014,4,0,332,1,1,5.6,7,1
2014-4-8,21884,0.338583,0,0,17.8,7.8,6.9345,2,2014,4,0,332,1,1,10,8,1
2014-4-9,26931,0,0,0,16.1,7.2,6.9345,3,2014,4,0,332,1,1,8.9,9,1
2014-4-10,27463,0,0,0,14.4,5.6,6.9345,4,2014,4,0,332,1,1,8.8,10,1
2014-4-11,26798,0,0,0,23.9,13.3,5.81603,5,2014,4,0,332,1,1,10.6,11,1
2014-4-12,27108,0,0,0,22.8,10,4.25018,6,2014,4,0,332,0,0,12.8,12,1
2014-4-13,26871,0,0,0,25,12.2,5.81603,0,2014,4,0,332,0,0,12.8,13,1
2014-4-14,28832,0,0,0,23.9,15,7.38189,1,2014,4,0,332,1,1,8.9,14,1
2014-4-15,10523,0.708661,0,0,17.2,0.6,8.72405,2,2014,4,0,332,1,1,16.6,15,1
2014-4-16,20082,0.0511811,0,0,9.4,-0.5,7.60558,3,2014,4,0,332,1,1,9.9,16,1
2014-4-17,22282,0,0,0,8.9,2.2,7.82928,4,2014,4,0,332,1,1,6.7,17,1
2014-4-18,20770,0,0,0,9.4,1.7,5.36865,5,2014,4,0,332,1,1,7.7,18,1
2014-4-19,24369,0,0,0,20,5,5.59234,6,2014,4,0,332,0,0,15,19,1
2014-4-20,18464,0,0,0,15.6,7.2,6.26342,0,2014,4,0,332,0,0,8.4,20,1
2014-4-21,27124,0,0,0,19.4,5,4.25018,1,2014,4,0,332,1,1,14.4,21,1
2014-4-22,27259,0.011811,0,0,21.7,10.6,5.59234,2,2014,4,0,332,1,1,11.1,22,1
2014-4-23,26949,0,0,0,16.1,6.7,9.39513,3,2014,4,0,332,1,1,9.4,23,1
2014-4-24,28107,0,0,0,16.7,5.6,8.50036,4,2014,4,0,332,1,1,11.1,24,1
2014-4-25,27919,0.019685,0,0,17.2,6.7,4.92126,5,2014,4,0,331,1,1,10.5,25,1
2014-4-26,19899,0.92126,0,0,19.4,7.8,5.36865,6,2014,4,0,331,0,0,11.6,26,1
2014-4-27,21926,0,0,0,15,8.3,5.81603,0,2014,4,0,331,0,0,6.7,27,1
2014-4-28,28557,0,0,0,19.4,7.2,4.25018,1,2014,4,0,330,1,1,12.2,28,1
2014-4-29,18404,0.0314961,0,0,11.1,6.1,8.94775,2,2014,4,0,330,1,1,5,29,1
2014-4-30,2867,4.9685,0,0,11.1,5,8.27666,3,2014,4,0,330,1,1,6.1,30,1
2014-5-1,26762,0.11811,0,0,25.6,10.6,4.47387,4,2014,5,0,331,1,1,15,1,1
2014-5-2,32377,0,0,0,21.1,13.3,4.47387,5,2014,5,0,331,1,1,7.8,2,1
2014-5-3,25501,0.0787402,0,0,21.7,12.2,3.3554,6,2014,5,0,331,0,0,9.5,3,1
2014-5-4,21277,0.019685,0,0,18.3,12.2,8.27666,0,2014,5,0,331,0,0,6.1,4,1
2014-5-5,30288,0,0,0,21.1,10,7.38189,1,2014,5,0,331,1,1,11.1,5,1
2014-5-6,32233,0,0,0,21.7,11.1,3.80279,2,2014,5,0,331,1,1,10.6,6,1
2014-5-7,32882,0,0,0,20.6,10,4.02649,3,2014,5,0,331,1,1,10.6,7,1
2014-5-8,17619,0.409449,0,0,15,11.7,4.47387,4,2014,5,0,331,1,1,3.3,8,1
2014-5-9,22641,0.0393701,0,0,17.2,12.8,3.13171,5,2014,5,0,331,1,1,4.4,9,1
2014-5-10,21832,0.370079,0,0,28.3,13.9,4.47387,6,2014,5,0,331,0,0,14.4,10,1
2014-5-11,28326,0.0314961,0,0,27.8,15.6,3.13171,0,2014,5,0,331,0,0,12.2,11,1
2014-5-12,31644,0,0,0,29.4,17.8,1.78955,1,2014,5,0,331,1,1,11.6,12,1
2014-5-13,32847,0,0,0,22.8,11.7,7.1582,2,2014,5,0,330,1,1,11.1,13,1
2014-5-14,30044,0.011811,0,0,21.7,11.1,4.69757,3,2014,5,0,330,1,1,10.6,14,1
2014-5-15,26057,0.149606,0,0,21.7,14.4,5.36865,4,2014,5,0,330,1,1,7.3,15,1
2014-5-16,17784,1.53937,0,0,20,14.4,6.48712,5,2014,5,0,330,1,1,5.6,16,1
2014-5-17,29912,0,0,0,21.1,11.7,4.92126,6,2014,5,0,330,0,0,9.4,17,1
2014-5-18,27436,0,0,0,19.4,10.6,5.81603,0,2014,5,0,330,0,0,8.8,18,1
2014-5-19,31692,0,0,0,22.2,9.4,4.69757,1,2014,5,0,330,1,1,12.8,19,1
2014-5-20,35567,0,0,0,25.6,11.7,3.13171,2,2014,5,0,330,1,1,13.9,20,1
2014-5-21,34420,0,0,0,23.3,17.2,2.46063,3,2014,5,0,330,1,1,6.1,21,1
2014-5-22,24535,0.240157,0,0,19.4,15,3.13171,4,2014,5,0,330,1,1,4.4,22,1
2014-5-23,24484,0.909449,0,0,21.7,13.3,4.25018,5,2014,5,0,329,1,1,8.4,23,1
2014-5-24,16798,0.401575,0,0,21.1,13.9,3.5791,6,2014,5,0,328,0,0,7.2,24,1
2014-5-25,25637,0,0,0,26.7,12.8,2.01324,0,2014,5,0,328,0,0,13.9,25,1
2014-5-26,26930,0,0,0,30,18.9,4.92126,1,2014,5,1,328,1,0,11.1,26,1
2014-5-27,32936,0,0,0,30,17.8,4.25018,2,2014,5,0,328,1,1,12.2,27,1
2014-5-28,29690,0,0,0,17.8,12.2,7.60558,3,2014,5,0,328,1,1,5.6,28,1
2014-5-29,33889,0,0,0,18.9,10.6,4.25018,4,2014,5,0,327,1,1,8.3,29,1
2014-5-30,34343,0,0,0,23.9,12.8,2.46063,5,2014,5,0,327,1,1,11.1,30,1
2014-5-31,27734,0.0511811,0,0,22.8,13.9,5.81603,6,2014,5,0,327,0,0,8.9,31,1
2014-6-1,31333,0,0,0,25,12.8,3.5791,0,2014,6,0,327,0,0,12.2,1,2
2014-6-2,34519,0,0,0,26.7,15,4.47387,1,2014,6,0,327,1,1,11.7,2,2
2014-6-3,29501,0.11811,0,0,30.6,18.3,4.02649,2,2014,6,0,327,1,1,12.3,3,2
2014-6-4,36068,0,0,0,27.8,17.2,3.5791,3,2014,6,0,327,1,1,10.6,4,2
2014-6-5,24619,0.870079,0,0,24.4,16.1,5.59234,4,2014,6,0,327,1,1,8.3,5,2
2014-6-6,37719,0,0,0,24.4,16.1,4.47387,5,2014,6,0,327,1,1,8.3,6,2
2014-6-7,31204,0,0,0,27.8,15.6,2.90802,6,2014,6,0,327,0,0,12.2,7,2
2014-6-8,30162,0,0,0,30,18.9,2.90802,0,2014,6,0,327,0,0,11.1,8,2
2014-6-9,18611,1.59843,0,0,22.8,17.2,4.25018,1,2014,6,0,327,1,1,5.6,9,2
2014-6-10,33435,0,0,0,25,18.3,3.3554,2,2014,6,0,327,1,1,6.7,10,2
2014-6-11,30548,0.019685,0,0,21.1,16.1,7.1582,3,2014,6,0,328,1,1,5,11,2
2014-6-12,29084,0.0708661,0,0,22.8,15.6,5.59234,4,2014,6,0,328,1,1,7.2,12,2
2014-6-13,18308,1.27953,0,0,26.1,18.3,3.5791,5,2014,6,0,328,1,1,7.8,13,2
2014-6-14,28417,0,0,0,23.3,15.6,4.69757,6,2014,6,0,328,0,0,7.7,14,2
2014-6-15,28382,0,0,0,26.7,15,4.25018,0,2014,6,0,328,0,0,11.7,15,2
2014-6-16,34932,0,0,0,27.2,17.2,2.90802,1,2014,6,0,328,1,1,10,16,2
2014-6-17,35097,0,0,0,31.7,21.7,4.02649,2,2014,6,0,329,1,1,10,17,2
2014-6-18,35531,0,0,0,31.7,24.4,5.81603,3,2014,6,0,329,1,1,7.3,18,2
2014-6-19,31724,0.149606,0,0,25,20,3.80279,4,2014,6,0,329,1,1,5,19,2
2014-6-20,34405,0,0,0,26.1,17.8,4.47387,5,2014,6,0,328,1,1,8.3,20,2
2014-6-21,30288,0,0,0,25.6,16.7,4.92126,6,2014,6,0,328,0,0,8.9,21,2
2014-6-22,29417,0,0,0,26.1,17.8,2.01324,0,2014,6,0,328,0,0,8.3,22,2
2014-6-23,32580,0,0,0,27.2,18.3,2.68432,1,2014,6,0,328,1,1,8.9,23,2
2014-6-24,35897,0,0,0,27.2,20,4.92126,2,2014,6,0,328,1,1,7.2,24,2
2014-6-25,34340,0.0787402,0,0,29.4,21.1,4.92126,3,2014,6,0,328,1,1,8.3,25,2
2014-6-26,34846,0.0708661,0,0,29.4,21.1,4.69757,4,2014,6,0,328,1,1,8.3,26,2
2014-6-27,35823,0,0,0,28.3,19.4,2.90802,5,2014,6,0,328,1,1,8.9,27,2
2014-6-28,28507,0,0,0,30.6,18.9,2.90802,6,2014,6,0,328,0,0,11.7,28,2
2014-6-29,27986,0,0,0,28.3,20,2.68432,0,2014,6,0,328,0,0,8.3,29,2
2014-6-30,33597,0,0,0,28.9,20.6,2.68432,1,2014,6,0,328,1,1,8.3,30,2
2014-7-1,34854,0,0,0,31.7,22.2,5.14495,2,2014,7,0,328,1,1,9.5,1,2
2014-7-2,26582,0.96063,0,0,32.8,22.2,3.80279,3,2014,7,0,328,1,1,10.6,2,2
2014-7-3,27587,1.77953,0,0,30.6,20.6,2.90802,4,2014,7,0,327,1,1,10,3,2
2014-7-4,13612,0.141732,0,0,23.3,18.3,5.36865,5,2014,7,1,327,1,0,5,4,2
2014-7-5,22913,0,0,0,27.2,17.2,6.71081,6,2014,7,0,327,0,0,10,5,2
2014-7-6,23822,0,0,0,28.9,18.9,4.92126,0,2014,7,0,327,0,0,10,6,2
2014-7-7,31863,0.0393701,0,0,32.2,22.2,5.81603,1,2014,7,0,327,1,1,10,7,2
2014-7-8,32713,0.389764,0,0,32.8,21.7,4.69757,2,2014,7,0,327,1,1,11.1,8,2
2014-7-9,34426,0.0905512,0,0,31.1,21.7,4.25018,3,2014,7,0,327,1,1,9.4,9,2
2014-7-10,36288,0,0,0,28.3,22.2,2.90802,4,2014,7,0,327,1,1,6.1,10,2
2014-7-11,35000,0,0,0,30,21.7,4.02649,5,2014,7,0,327,1,1,8.3,11,2
2014-7-12,28718,0,0,0,29.4,21.7,3.3554,6,2014,7,0,327,0,0,7.7,12,2
2014-7-13,24869,0.0314961,0,0,28.3,22.2,5.14495,0,2014,7,0,327,0,0,6.1,13,2
2014-7-14,25825,0.46063,0,0,28.9,22.2,4.47387,1,2014,7,0,327,1,1,6.7,14,2
2014-7-15,22963,1.29921,0,0,30,22.2,2.68432,2,2014,7,0,327,1,1,7.8,15,2
2014-7-16,35391,0,0,0,27.2,20,3.80279,3,2014,7,0,327,1,1,7.2,16,2
2014-7-17,38619,0,0,0,27.2,19.4,4.02649,4,2014,7,0,328,1,1,7.8,17,2
2014-7-18,36105,0,0,0,27.2,17.8,4.02649,5,2014,7,0,328,1,1,9.4,18,2
2014-7-19,29291,0,0,0,24.4,20,5.14495,6,2014,7,0,328,0,0,4.4,19,2
2014-7-20,30296,0,0,0,26.7,18.9,4.02649,0,2014,7,0,328,0,0,7.8,20,2
2014-7-21,35670,0,0,0,29.4,19.4,2.01324,1,2014,7,0,328,1,1,10,21,2
2014-7-22,36886,0,0,0,30,21.7,3.80279,2,2014,7,0,328,1,1,8.3,22,2
2014-7-23,34173,0.188976,0,0,31.1,22.2,4.92126,3,2014,7,0,328,1,1,8.9,23,2
2014-7-24,36693,0,0,0,26.7,21.1,4.92126,4,2014,7,0,328,1,1,5.6,24,2
2014-7-25,36384,0,0,0,27.8,18.9,4.25018,5,2014,7,0,328,1,1,8.9,25,2
2014-7-26,27179,0,0,0,27.2,20.6,4.25018,6,2014,7,0,328,0,0,6.6,26,2
2014-7-27,27004,0.019685,0,0,29.4,21.7,3.3554,0,2014,7,0,328,0,0,7.7,27,2
2014-7-28,33189,0.188976,0,0,27.8,20,7.38189,1,2014,7,0,328,1,1,7.8,28,2
2014-7-29,37092,0,0,0,24.4,17.8,4.92126,2,2014,7,0,328,1,1,6.6,29,2
2014-7-30,37377,0,0,0,26.7,17.2,2.90802,3,2014,7,0,327,1,1,9.5,30,2
2014-7-31,35458,0,0,0,27.8,20,3.3554,4,2014,7,0,326,1,1,7.8,31,2
2014-8-1,32654,0,0,0,28.9,21.7,3.80279,5,2014,8,0,326,1,1,7.2,1,2
2014-8-2,26784,0.409449,0,0,23.3,17.2,6.03973,6,2014,8,0,326,0,0,6.1,2,2
2014-8-3,25276,0.0708661,0,0,24.4,18.9,2.23694,0,2014,8,0,326,0,0,5.5,3,2
2014-8-4,33822,0,0,0,28.9,21.1,3.3554,1,2014,8,0,326,1,1,7.8,4,2
2014-8-5,34392,0,0,0,32.2,21.7,2.46063,2,2014,8,0,326,1,1,10.5,5,2
2014-8-6,36336,0,0,0,28.3,21.1,2.90802,3,2014,8,0,326,1,1,7.2,6,2
2014-8-7,36362,0,0,0,28.3,18.9,4.25018,4,2014,8,0,326,1,1,9.4,7,2
2014-8-8,34073,0,0,0,28.3,18.3,3.13171,5,2014,8,0,326,1,1,10,8,2
2014-8-9,31636,0,0,0,30.6,18.9,2.90802,6,2014,8,0,326,0,0,11.7,9,2
2014-8-10,26749,0,0,0,31.1,20,2.90802,0,2014,8,0,326,0,0,11.1,10,2
2014-8-11,33664,0,0,0,30.6,21.7,3.13171,1,2014,8,0,327,1,1,8.9,11,2
2014-8-12,26261,0.188976,0,0,26.1,21.1,5.81603,2,2014,8,0,327,1,1,5,12,2
2014-8-13,27977,0.531496,0,0,27.8,20,5.59234,3,2014,8,0,327,1,1,7.8,13,2
2014-8-14,35154,0,0,0,25,17.2,4.69757,4,2014,8,0,327,1,1,7.8,14,2
2014-8-15,32480,0,0,0,22.8,16.1,5.36865,5,2014,8,0,326,1,1,6.7,15,2
2014-8-16,32017,0,0,0,25.6,17.2,4.02649,6,2014,8,0,326,0,0,8.4,16,2
2014-8-17,27417,0.011811,0,0,27.8,18.9,3.5791,0,2014,8,0,326,0,0,8.9,17,2
2014-8-18,34339,0,0,0,27.2,17.2,4.47387,1,2014,8,0,325,1,1,10,18,2
2014-8-19,35367,0,0,0,28.3,17.2,3.80279,2,2014,8,0,325,1,1,11.1,19,2
2014-8-20,35532,0,0,0,28.9,21.1,2.23694,3,2014,8,0,325,1,1,7.8,20,2
2014-8-21,33804,0.350394,0,0,28.3,18.3,3.5791,4,2014,8,0,325,1,1,10,21,2
2014-8-22,30406,0.0590551,0,0,26.1,18.3,4.69757,5,2014,8,0,325,1,1,7.8,22,2
2014-8-23,26429,0.011811,0,0,25,19.4,4.69757,6,2014,8,0,325,0,0,5.6,23,2
2014-8-24,27493,0,0,0,26.7,17.8,3.13171,0,2014,8,0,325,0,0,8.9,24,2
2014-8-25,32892,0,0,0,31.1,17.8,2.68432,1,2014,8,0,326,1,1,13.3,25,2
2014-8-26,34519,0,0,0,31.7,21.1,2.23694,2,2014,8,0,326,1,1,10.6,26,2
2014-8-27,33721,0,0,0,32.2,21.1,3.3554,3,2014,8,0,326,1,1,11.1,27,2
2014-8-28,33927,0,0,0,27.8,18.9,5.36865,4,2014,8,0,326,1,1,8.9,28,2
2014-8-29,31264,0,0,0,26.7,16.1,3.3554,5,2014,8,0,326,1,1,10.6,29,2
2014-8-30,22689,0,0,0,26.7,18.3,2.23694,6,2014,8,0,326,0,0,8.4,30,2
2014-8-31,18053,0.61811,0,0,32.2,22.8,3.3554,0,2014,8,0,326,0,0,9.4,31,2
2014-9-1,23575,0,0,0,31.1,23.9,2.90802,1,2014,9,1,326,1,0,7.2,1,3
2014-9-2,30507,0,0,0,33.3,25,5.36865,2,2014,9,0,326,1,1,8.3,2,3
2014-9-3,35535,0,0,0,30,22.2,3.3554,3,2014,9,0,326,1,1,7.8,3,3
2014-9-4,36496,0,0,0,30.6,20.6,2.68432,4,2014,9,0,326,1,1,10,4,3
2014-9-5,34831,0,0,0,30.6,22.2,2.90802,5,2014,9,0,326,1,1,8.4,5,3
2014-9-6,25833,0.110236,0,0,32.8,19.4,4.69757,6,2014,9,0,326,0,0,13.4,6,3
2014-9-7,29721,0,0,0,27.2,18.3,4.69757,0,2014,9,0,326,0,0,8.9,7,3
2014-9-8,34335,0,0,0,23.9,18.3,7.60558,1,2014,9,0,326,1,1,5.6,8,3
2014-9-9,34518,0,0,0,22.8,17.2,7.82928,2,2014,9,0,326,1,1,5.6,9,3
2014-9-10,37653,0,0,0,26.7,17.2,5.81603,3,2014,9,0,326,1,1,9.5,10,3
2014-9-11,37081,0,0,0,28.3,20.6,4.69757,4,2014,9,0,326,1,1,7.7,11,3
2014-9-12,37204,0,0,0,25.6,16.7,5.14495,5,2014,9,0,325,1,1,8.9,12,3
2014-9-13,17293,0.259843,0,0,20.6,14.4,5.14495,6,2014,9,0,325,0,0,6.2,13,3
2014-9-14,28688,0,0,0,21.7,11.7,3.13171,0,2014,9,0,325,0,0,10,14,3
2014-9-15,35045,0,0,0,21.7,12.8,2.90802,1,2014,9,0,326,1,1,8.9,15,3
2014-9-16,25633,0.370079,0,0,21.1,14.4,2.23694,2,2014,9,0,326,1,1,6.7,16,3
2014-9-17,37453,0,0,0,22.8,12.8,2.68432,3,2014,9,0,327,1,1,10,17,3
2014-9-18,37381,0,0,0,24.4,13.9,2.68432,4,2014,9,0,327,1,1,10.5,18,3
2014-9-19,34713,0,0,0,18.9,12.2,7.60558,5,2014,9,0,327,1,1,6.7,19,3
2014-9-20,30011,0,0,0,23.9,13.9,2.90802,6,2014,9,0,327,0,0,10,20,3
2014-9-21,26080,0.149606,0,0,23.9,19.4,1.56586,0,2014,9,0,327,0,0,4.5,21,3
2014-9-22,33239,0,0,0,21.7,12.8,6.71081,1,2014,9,0,327,1,1,8.9,22,3
2014-9-23,36347,0,0,0,21.7,11.1,1.78955,2,2014,9,0,327,1,1,10.6,23,3
2014-9-24,35481,0,0,0,21.7,14.4,5.59234,3,2014,9,0,328,1,1,7.3,24,3
2014-9-25,16650,0.318898,0,0,17.8,13.9,8.27666,4,2014,9,0,328,1,1,3.9,25,3
2014-9-26,35116,0,0,0,25,14.4,4.25018,5,2014,9,0,328,1,1,10.6,26,3
2014-9-27,30193,0,0,0,28.3,15.6,2.46063,6,2014,9,0,328,0,0,12.7,27,3
2014-9-28,29021,0,0,0,28.9,17.8,1.78955,0,2014,9,0,328,0,0,11.1,28,3
2014-9-29,33161,0,0,0,26.1,19.4,0.671081,1,2014,9,0,328,1,1,6.7,29,3
2014-9-30,35093,0,0,0,21.7,16.7,4.69757,2,2014,9,0,328,1,1,5,30,3
2014-10-1,27942,0.019685,0,0,18.3,16.1,6.03973,3,2014,10,0,328,1,1,2.2,1,3
2014-10-2,34492,0,0,0,21.1,16.1,4.69757,4,2014,10,0,328,1,1,5,2,3
2014-10-3,34944,0,0,0,21.7,13.3,4.25018,5,2014,10,0,328,1,1,8.4,3,3
2014-10-4,13354,1.1811,0,0,20.6,11.1,6.71081,6,2014,10,0,328,0,0,9.5,4,3
2014-10-5,23456,0,0,0,16.1,7.8,5.59234,0,2014,10,0,328,0,0,8.3,5,3
2014-10-6,31742,0,0,0,20.6,10,3.80279,1,2014,10,0,328,1,1,10.6,6,3
2014-10-7,32892,0.0590551,0,0,21.7,17.2,4.69757,2,2014,10,0,328,1,1,4.5,7,3
2014-10-8,33607,0.0393701,0,0,22.8,16.7,7.1582,3,2014,10,0,328,1,1,6.1,8,3
2014-10-9,32203,0,0,0,20,12.8,5.59234,4,2014,10,0,328,1,1,7.2,9,3
2014-10-10,30887,0,0,0,17.8,11.1,2.23694,5,2014,10,0,328,1,1,6.7,10,3
2014-10-11,12965,0.330709,0,0,15.6,10,4.47387,6,2014,10,0,328,0,0,5.6,11,3
2014-10-12,23394,0,0,0,17.2,8.9,2.68432,0,2014,10,0,328,0,0,8.3,12,3
2014-10-13,22752,0.0511811,0,0,18.3,11.1,2.68432,1,2014,10,0,328,1,1,7.2,13,3
2014-10-14,32614,0,0,0,24.4,17.2,4.69757,2,2014,10,0,328,1,1,7.2,14,3
2014-10-15,28743,0.688976,0,0,25,20.6,5.14495,3,2014,10,0,328,1,1,4.4,15,3
2014-10-16,26754,1.11024,0,0,21.7,16.1,4.02649,4,2014,10,0,328,1,1,5.6,16,3
2014-10-17,34132,0,0,0,21.7,15,4.47387,5,2014,10,0,328,1,1,6.7,17,3
2014-10-18,24978,0,0,0,21.1,13.3,6.26342,6,2014,10,0,328,0,0,7.8,18,3
2014-10-19,18840,0,0,0,13.3,6.7,7.60558,0,2014,10,0,328,0,0,6.6,19,3
2014-10-20,27914,0,0,0,15.6,5.6,3.80279,1,2014,10,0,328,1,1,10,20,3
2014-10-21,31330,0.110236,0,0,19.4,12.8,3.5791,2,2014,10,0,328,1,1,6.6,21,3
2014-10-22,9169,1.51181,0,0,14.4,10,9.39513,3,2014,10,0,328,1,1,4.4,22,3
2014-10-23,13371,0.610236,0,0,11.7,10,7.60558,4,2014,10,0,328,1,1,1.7,23,3
2014-10-24,29837,0,0,0,17.2,10.6,4.47387,5,2014,10,0,328,1,1,6.6,24,3
2014-10-25,24952,0.011811,0,0,19.4,10,5.81603,6,2014,10,0,328,0,0,9.4,25,3
2014-10-26,20768,0,0,0,17.2,11.7,7.82928,0,2014,10,0,328,0,0,5.5,26,3
2014-10-27,28806,0,0,0,17.2,8.9,5.14495,1,2014,10,0,328,1,1,8.3,27,3
2014-10-28,32956,0,0,0,22.2,11.7,2.90802,2,2014,10,0,328,1,1,10.5,28,3
2014-10-29,29999,0,0,0,22.2,10.6,4.92126,3,2014,10,0,328,1,1,11.6,29,3
2014-10-30,31133,0,0,0,15,8.3,3.5791,4,2014,10,0,329,1,1,6.7,30,3
2014-10-31,27785,0.0511811,0,0,12.8,7.2,6.48712,5,2014,10,0,328,1,1,5.6,31,3
2014-11-1,6002,0.350394,0,0,8.3,5.6,8.94775,6,2014,11,0,328,0,0,2.7,1,3
2014-11-2,14100,0,0,0,8.9,5,10.7373,0,2014,11,0,328,0,0,3.9,2,3
2014-11-3,26757,0,0,0,16.1,3.9,5.81603,1,2014,11,0,328,1,1,12.2,3,3
2014-11-4,31174,0,0,0,20,11.7,4.69757,2,2014,11,0,328,1,1,8.3,4,3
2014-11-5,30539,0,0,0,17.8,13.3,4.47387,3,2014,11,0,328,1,1,4.5,5,3
2014-11-6,12283,0.370079,0,0,13.9,8.9,3.13171,4,2014,11,0,328,1,1,5,6,3
2014-11-7,25355,0,0,0,11.7,4.4,7.38189,5,2014,11,0,328,1,1,7.3,7,3
2014-11-8,17443,0,0,0,8.9,2.2,6.03973,6,2014,11,0,328,0,0,6.7,8,3
2014-11-9,18207,0,0,0,13.9,7.8,2.68432,0,2014,11,0,327,0,0,6.1,9,3
2014-11-10,27655,0,0,0,16.1,6.7,2.46063,1,2014,11,0,327,1,1,9.4,10,3
2014-11-11,29358,0,0,0,17.8,9.4,3.3554,2,2014,11,0,328,1,1,8.4,11,3
2014-11-12,27807,0,0,0,18.3,8.3,2.68432,3,2014,11,0,329,1,1,10,12,3
2014-11-13,20652,0.200787,0,0,8.9,2.2,3.5791,4,2014,11,0,329,1,1,6.7,13,3
2014-11-14,21082,0.0590551,0,0,5.6,1.7,7.1582,5,2014,11,0,329,1,1,3.9,14,3
2014-11-15,14057,0,0,0,5.6,0.6,3.5791,6,2014,11,0,329,0,0,5,15,3
2014-11-16,13272,0.0314961,0,0,7.2,1.7,3.80279,0,2014,11,0,329,0,0,5.5,16,3
2014-11-17,8116,1.53937,0,0,11.1,4.4,3.80279,1,2014,11,0,329,1,1,6.7,17,3
2014-11-18,16691,0,0,0,7.2,-4.3,10.0662,2,2014,11,0,329,1,1,11.5,18,3
2014-11-19,16694,0,0,0,2.2,-5.5,7.1582,3,2014,11,0,329,1,1,7.7,19,3
2014-11-20,20611,0,0,0,7.2,-0.5,7.1582,4,2014,11,0,329,1,1,7.7,20,3
2014-11-21,17806,0,0,0,2.8,-2.1,7.60558,5,2014,11,0,329,1,1,4.9,21,3
2014-11-22,12682,0,0,0,6.7,-2.1,4.92126,6,2014,11,0,329,0,0,8.8,22,3
2014-11-23,15669,0,0,0,13.9,6.1,3.80279,0,2014,11,0,329,0,0,7.8,23,3
2014-11-24,23031,0.700787,0,0,20.6,11.7,5.36865,1,2014,11,0,329,1,1,8.9,24,3
2014-11-25,25580,0,0,0,20,10.6,5.14495,2,2014,11,0,329,1,1,9.4,25,3
2014-11-26,3675,1.24016,0,0.19685,10.6,1.1,8.72405,3,2014,11,0,329,1,1,9.5,26,3
2014-11-27,3945,0.019685,0,0,3.3,1.1,5.14495,4,2014,11,1,329,1,0,2.2,27,3
2014-11-28,8378,0,0,0,2.8,-1.6,5.81603,5,2014,11,1,329,1,0,4.4,28,3
2014-11-29,8183,0,0,0,7.2,-2.7,3.5791,6,2014,11,0,329,0,0,9.9,29,3
2014-11-30,12384,0,0,0,12.8,7.2,4.25018,0,2014,11,0,329,0,0,5.6,30,3
2014-12-1,18519,0.0905512,0,0,18.3,5.6,6.71081,1,2014,12,0,329,1,1,12.7,1,4
2014-12-2,15367,0.0787402,0,0,6.1,1.7,9.17144,2,2014,12,0,329,1,1,4.4,2,4
2014-12-3,13472,0.0590551,0,0,7.8,5,7.60558,3,2014,12,0,329,1,1,2.8,3,4
2014-12-4,21335,0,0,0,7.2,2.8,5.81603,4,2014,12,0,329,1,1,4.4,4,4
2014-12-5,15818,0.511811,0,0,6.7,1.1,6.03973,5,2014,12,0,329,1,1,5.6,5,4
2014-12-6,4047,1.22047,0,0,10,3.9,4.02649,6,2014,12,0,329,0,0,6.1,6,4
2014-12-7,10510,0.0393701,0,0,5.6,-1,11.8558,0,2014,12,0,329,0,0,6.6,7,4
2014-12-8,15557,0,0,0,2.8,-4.3,11.4084,1,2014,12,0,329,1,1,7.1,8,4
2014-12-9,6713,2.53937,0,0,5.6,2.2,10.2899,2,2014,12,0,329,1,1,3.4,9,4
2014-12-10,10399,0.0787402,0,0.984252,4.4,0,8.27666,3,2014,12,0,329,1,1,4.4,10,4
2014-12-11,18141,0.011811,1.1811,0,3.3,-0.5,7.60558,4,2014,12,0,329,1,1,3.8,11,4
2014-12-12,17892,0,0,0,3.3,0,8.05297,5,2014,12,0,328,1,1,3.3,12,4
2014-12-13,12549,0,0,0,6.7,1.1,8.94775,6,2014,12,0,328,0,0,5.6,13,4
2014-12-14,11941,0,0,0,7.8,3.3,6.03973,0,2014,12,0,328,0,0,4.5,14,4
2014-12-15,19382,0,0,0,8.9,2.8,2.68432,1,2014,12,0,328,1,1,6.1,15,4
2014-12-16,16816,0.200787,0,0,9.4,3.3,3.80279,2,2014,12,0,328,1,1,6.1,16,4
2014-12-17,20346,0.019685,0,0,12.2,5.6,5.81603,3,2014,12,0,329,1,1,6.6,17,4
2014-12-18,19051,0,0,0,5.6,2.8,8.72405,4,2014,12,0,330,1,1,2.8,18,4
2014-12-19,17200,0,0,0,3.3,-0.5,7.1582,5,2014,12,0,329,1,1,3.8,19,4
2014-12-20,9582,0,0,0,0.6,-1,4.92126,6,2014,12,0,329,0,0,1.6,20,4
2014-12-21,8747,0,0,0,2.2,-0.5,4.92126,0,2014,12,0,329,0,0,2.7,21,4
2014-12-22,13560,0.0393701,0,0,6.7,1.7,6.03973,1,2014,12,0,330,1,1,5,22,4
2014-12-23,9422,0.161417,0,0,7.8,6.1,8.27666,2,2014,12,0,330,1,1,1.7,23,4
2014-12-24,4285,0.799213,0,0,14.4,6.7,5.81603,3,2014,12,1,330,1,0,7.7,24,4
2014-12-25,4890,0.0905512,0,0,16.7,6.7,9.61883,4,2014,12,1,330,1,0,10,25,4
2014-12-26,9895,0,0,0,10,4.4,5.81603,5,2014,12,0,330,1,1,5.6,26,4
2014-12-27,10247,0,0,0,12.8,6.7,4.47387,6,2014,12,0,330,0,0,6.1,27,4
2014-12-28,7902,0.0984252,0,0,12.2,6.1,5.81603,0,2014,12,0,330,0,0,6.1,28,4
2014-12-29,13549,0,0,0,6.7,1.1,5.14495,1,2014,12,0,330,1,1,5.6,29,4
2014-12-30,12196,0,0,0,1.1,-2.1,4.25018,2,2014,12,0,330,1,1,3.2,30,4
2014-12-31,9739,0,0,0,0,-2.7,5.59234,3,2014,12,0,330,1,1,2.7,31,4
2015-1-1,5317,0,0,0,3.9,-2.7,7.1582,4,2015,1,1,330,1,0,6.6,1,4
2015-1-2,11304,0,0,0,5.6,1.7,7.1582,5,2015,1,0,330,1,1,3.9,2,4
2015-1-3,4478,0.708661,0,0,5.6,0.6,6.48712,6,2015,1,0,330,0,0,5,3,4
2015-1-4,7849,0.299213,0,0,13.3,5,6.48712,0,2015,1,0,330,0,0,8.3,4,4
2015-1-5,14506,0,0,0,9.4,-6,10.5136,1,2015,1,0,330,1,1,15.4,5,4
2015-1-6,8739,0.0511811,0,0.984252,-5.5,-7.1,4.02649,2,2015,1,0,330,1,1,1.6,6,4
2015-1-7,9646,0,1.1811,0,-4.9,-12.7,12.7505,3,2015,1,0,330,1,1,7.8,7,4
2015-1-8,8779,0,0,0,-6,-13.2,8.72405,4,2015,1,0,330,1,1,7.2,8,4
2015-1-9,7930,0.0708661,0,1.49606,0.6,-7.1,8.72405,5,2015,1,0,330,1,1,7.7,9,4
2015-1-10,6109,0,1.1811,0,-4.9,-8.8,8.05297,6,2015,1,0,330,0,0,3.9,10,4
2015-1-11,7467,0,1.1811,0,2.8,-7.7,6.03973,0,2015,1,0,330,0,0,10.5,11,4
2015-1-12,8645,0.358268,0,0,3.9,1.7,3.80279,1,2015,1,0,330,1,1,2.2,12,4
2015-1-13,12797,0,0,0,2.2,-8.2,8.50036,2,2015,1,0,330,1,1,10.4,13,4
2015-1-14,13086,0,0,0,0,-8.8,6.26342,3,2015,1,0,330,1,1,8.8,14,4
2015-1-15,14075,0,0,0,1.7,-3.8,4.69757,4,2015,1,0,330,1,1,5.5,15,4
2015-1-16,13843,0,0,0,6.1,-6.6,9.84252,5,2015,1,0,330,1,1,12.7,16,4
2015-1-17,7491,0,0,0,0,-8.2,6.03973,6,2015,1,0,330,0,0,8.2,17,4
2015-1-18,1795,2.09843,0,0,5.6,-0.5,3.80279,0,2015,1,0,330,0,0,6.1,18,4
2015-1-19,10710,0,0,0,5.6,2.2,7.60558,1,2015,1,1,330,1,0,3.4,19,4
2015-1-20,16129,0,0,0,4.4,0,5.81603,2,2015,1,0,330,1,1,4.4,20,4
2015-1-21,15234,0,0,0,2.2,-3.8,4.25018,3,2015,1,0,330,1,1,6,21,4
2015-1-22,15864,0,0,0,4.4,-0.5,5.59234,4,2015,1,0,330,1,1,4.9,22,4
2015-1-23,15737,0,0,0,3.9,-2.1,5.59234,5,2015,1,0,330,1,1,6,23,4
2015-1-24,4814,0.720472,3.14961,3.58268,3.9,0.6,6.03973,6,2015,1,0,330,0,0,3.3,24,4
2015-1-25,9379,0,1.9685,0,5.6,-0.5,6.26342,0,2015,1,0,330,0,0,6.1,25,4
2015-1-26,4141,0.480315,1.9685,5.51181,-0.5,-5.5,12.7505,1,2015,1,0,330,1,1,5,26,4
2015-1-27,1214,0.358268,7.87402,4.29134,-1,-6.6,8.27666,2,2015,1,0,330,1,1,5.6,27,4
2015-1-28,5401,0,7.87402,0,1.1,-8.8,7.60558,3,2015,1,0,330,1,1,9.9,28,4
2015-1-29,8870,0.019685,5.90551,0,2.2,-7.1,3.80279,4,2015,1,0,330,1,1,9.3,29,4
2015-1-30,9015,0.0590551,7.08661,0.984252,3.3,-7.1,10.5136,5,2015,1,0,330,1,1,10.4,30,4
2015-1-31,5188,0,7.08661,0,-3.2,-10.5,12.3031,6,2015,1,0,330,0,0,7.3,31,4
2015-2-1,6441,0.0314961,5.90551,0.314961,2.2,-6.6,3.80279,0,2015,2,0,330,0,0,8.8,1,4
2015-2-2,1459,1.01969,7.08661,5,1.1,-9.9,9.84252,1,2015,2,0,330,1,1,11,2,4
2015-2-3,4754,0,7.87402,0,-3.2,-10.5,7.1582,2,2015,2,0,330,1,1,7.3,3,4
2015-2-4,8973,0,7.87402,0,6.1,-4.3,4.25018,3,2015,2,0,330,1,1,10.4,4,4
2015-2-5,9208,0,7.87402,0,5.6,-9.9,8.50036,4,2015,2,0,330,1,1,15.5,5,4
2015-2-6,8575,0,7.87402,0,-2.7,-11,7.1582,5,2015,2,0,330,1,1,8.3,6,4
2015-2-7,6790,0.019685,7.87402,0,4.4,-3.8,3.80279,6,2015,2,0,330,0,0,8.2,7,4
2015-2-8,6662,0,7.87402,0,2.8,-1.6,8.50036,0,2015,2,0,330,0,0,4.4,8,4
2015-2-9,5160,0.0905512,7.87402,0,-1.6,-3.8,10.961,1,2015,2,0,330,1,1,2.2,9,4
2015-2-10,10328,0.011811,7.87402,0.11811,4.4,-3.2,10.5136,2,2015,2,0,330,1,1,7.6,10,4
2015-2-11,11439,0,7.87402,0,1.1,-5.5,6.48712,3,2015,2,0,330,1,1,6.6,11,4
2015-2-12,11269,0,7.87402,0,4.4,-8.8,7.38189,4,2015,2,0,330,1,1,13.2,12,4
2015-2-13,7642,0,7.87402,0,-6,-13.2,9.17144,5,2015,2,0,330,1,1,7.2,13,4
2015-2-14,4614,0.019685,7.87402,0.905512,0,-8.8,5.36865,6,2015,2,0,330,0,0,8.8,14,4
2015-2-15,2581,0,9.05512,0,-3.8,-15.5,14.5401,0,2015,2,0,330,0,0,11.7,15,4
2015-2-16,3998,0,9.05512,0,-6,-16,6.9345,1,2015,2,1,330,1,0,10,16,4
2015-2-17,4784,0.141732,11.811,3.30709,-2.7,-9.9,4.69757,2,2015,2,0,330,1,1,7.2,17,4
2015-2-18,9170,0,9.05512,0,0.6,-7.1,4.25018,3,2015,2,0,330,1,1,7.7,18,4
2015-2-19,7799,0,9.05512,0,-2.7,-13.2,11.4084,4,2015,2,0,329,1,1,10.5,19,4
2015-2-20,6159,0,9.05512,0,-7.1,-16.6,10.2899,5,2015,2,0,328,1,1,9.5,20,4
2015-2-21,3157,0.610236,9.05512,2.99213,0,-10.5,4.47387,6,2015,2,0,328,0,0,10.5,21,4
2015-2-22,4274,0.0984252,12.9921,0.984252,6.1,0,2.90802,0,2015,2,0,328,0,0,6.1,22,4
2015-2-23,7458,0,11.811,0,3.3,-13.2,11.1847,1,2015,2,0,328,1,1,16.5,23,4
2015-2-24,7402,0,11.811,0,-4.3,-15.5,5.81603,2,2015,2,0,328,1,1,11.2,24,4
2015-2-25,10751,0,11.811,0,2.8,-6.6,6.48712,3,2015,2,0,328,1,1,9.4,25,4
2015-2-26,9901,0,11.0236,0,0,-6,7.1582,4,2015,2,0,328,1,1,6,26,4
2015-2-27,9864,0,11.0236,0,-1,-7.7,6.03973,5,2015,2,0,328,1,1,6.7,27,4
2015-2-28,6318,0,11.0236,0,-1.6,-10.5,3.5791,6,2015,2,0,328,0,0,8.9,28,4
2015-3-1,2879,0.519685,9.84252,4.80315,-0.5,-4.3,2.23694,0,2015,3,0,328,0,0,3.8,1,1
2015-3-2,7283,0,14.9606,0,3.9,-2.7,8.05297,1,2015,3,0,328,1,1,6.6,2,1
2015-3-3,6533,0.669291,14.1732,1.81102,2.8,-5.5,4.92126,2,2015,3,0,328,1,1,8.3,3,1
2015-3-4,7514,0.251969,12.9921,0,7.2,1.7,6.03973,3,2015,3,0,328,1,1,5.5,4,1
2015-3-5,1637,0.759843,12.9921,7.51969,4.4,-7.1,5.81603,4,2015,3,0,328,1,1,11.5,5,1
2015-3-6,5162,0,18.8976,0,-2.7,-11,6.26342,5,2015,3,0,328,1,1,8.3,6,1
2015-3-7,5590,0,18.1102,0,3.3,-7.7,5.14495,6,2015,3,0,328,0,0,11,7,1
2015-3-8,7898,0,16.1417,0,9.4,2.8,5.14495,0,2015,3,0,328,0,0,6.6,8,1
2015-3-9,14878,0.011811,12.9921,0,12.2,4.4,4.69757,1,2015,3,0,328,1,1,7.8,9,1
2015-3-10,11781,0.46063,11.0236,0,11.7,3.9,3.5791,2,2015,3,0,328,1,1,7.8,10,1
2015-3-11,19561,0.011811,5.90551,0,15,6.7,6.9345,3,2015,3,0,328,1,1,8.3,11,1
2015-3-12,17530,0,3.93701,0,8.3,2.2,8.27666,4,2015,3,0,328,1,1,6.1,12,1
2015-3-13,16145,0,1.9685,0,6.1,-0.5,6.48712,5,2015,3,0,328,1,1,6.6,13,1
2015-3-14,3906,0.811024,1.1811,0,10.6,4.4,5.59234,6,2015,3,0,328,0,0,6.2,14,1
2015-3-15,8838,0,0,0,6.7,2.2,11.4084,0,2015,3,0,328,0,0,4.5,15,1
2015-3-16,16787,0,0,0,11.1,1.7,3.80279,1,2015,3,0,328,1,1,9.4,16,1
2015-3-17,14857,0.019685,0,0,13.9,1.1,9.61883,2,2015,3,0,328,1,1,12.8,17,1
2015-3-18,13842,0,0,0,3.9,-1.6,9.61883,3,2015,3,0,328,1,1,5.5,18,1
2015-3-19,15446,0,0,0,6.1,-1.6,5.81603,4,2015,3,0,328,1,1,7.7,19,1
2015-3-20,8052,0.401575,0,4.48819,3.3,-1.6,7.82928,5,2015,3,0,328,1,1,4.9,20,1
2015-3-21,9338,0,5.11811,0,8.3,-1.6,5.36865,6,2015,3,0,328,0,0,9.9,21,1
2015-3-22,9676,0,0,0,6.1,-2.1,7.60558,0,2015,3,0,328,0,0,8.2,22,1
2015-3-23,13538,0,0,0,3.3,-4.9,6.71081,1,2015,3,0,328,1,1,8.2,23,1
2015-3-24,16166,0,0,0,7.2,-3.2,4.02649,2,2015,3,0,328,1,1,10.4,24,1
2015-3-25,14670,0.0511811,0,0,9.4,1.1,4.47387,3,2015,3,0,328,1,1,8.3,25,1
2015-3-26,14954,0.318898,0,0,16.7,5.6,2.90802,4,2015,3,0,327,1,1,11.1,26,1
2015-3-27,14107,0.271654,0,0,7.8,3.9,4.25018,5,2015,3,0,327,1,1,3.9,27,1
2015-3-28,1107,0,0,0,4.4,-3.2,7.60558,6,2015,3,0,327,0,0,7.6,28,1
2015-3-29,9826,0,0,0,7.8,-3.8,6.26342,0,2015,3,0,328,0,0,11.6,29,1
2015-3-30,18075,0,0,0,12.2,2.2,7.82928,1,2015,3,0,328,1,1,10,30,1
2015-3-31,14250,0.169291,0,0,8.3,1.7,5.36865,2,2015,3,0,328,1,1,6.6,31,1
2015-4-1,20146,0,0,0,10.6,0,5.14495,3,2015,4,0,328,1,1,10.6,1,1
2015-4-2,24227,0,0,0,19.4,5,6.26342,4,2015,4,0,328,1,1,14.4,2,1
2015-4-3,14774,0.0393701,0,0,17.8,15,6.71081,5,2015,4,0,328,1,1,2.8,3,1
2015-4-4,14355,0.011811,0,0,15.6,5.6,10.0662,6,2015,4,0,328,0,0,10,4,1
2015-4-5,13799,0,0,0,16.1,5.6,4.92126,0,2015,4,0,328,0,0,10.5,5,1
2015-4-6,23391,0,0,0,17.2,5.6,4.25018,1,2015,4,0,328,1,1,11.6,6,1
2015-4-7,16262,0.149606,0,0,16.7,5.6,6.9345,2,2015,4,0,328,1,1,11.1,7,1
2015-4-8,17872,0,0,0,7.2,2.8,11.4084,3,2015,4,0,328,1,1,4.4,8,1
2015-4-9,16546,0,0,0,6.1,2.8,8.94775,4,2015,4,0,328,1,1,3.3,9,1
2015-4-10,16317,0.169291,0,0,13.3,3.9,4.69757,5,2015,4,0,328,1,1,9.4,10,1
2015-4-11,18643,0,0,0,13.9,6.7,8.72405,6,2015,4,0,328,0,0,7.2,11,1
2015-4-12,19954,0,0,0,18.9,6.1,3.3554,0,2015,4,0,328,0,0,12.8,12,1
2015-4-13,24925,0,0,0,20,10,4.69757,1,2015,4,0,328,1,1,10,13,1
2015-4-14,22703,0.011811,0,0,18.3,12.8,3.80279,2,2015,4,0,328,1,1,5.5,14,1
2015-4-15,27594,0,0,0,22.2,10.6,6.26342,3,2015,4,0,327,1,1,11.6,15,1
2015-4-16,27180,0,0,0,17.8,11.1,6.48712,4,2015,4,0,328,1,1,6.7,16,1
2015-4-17,24175,0.0787402,0,0,21.7,12.8,5.14495,5,2015,4,0,328,1,1,8.9,17,1
2015-4-18,28174,0,0,0,26.7,15,4.25018,6,2015,4,0,328,0,0,11.7,18,1
2015-4-19,21475,0,0,0,17.8,8.9,8.50036,0,2015,4,0,328,0,0,8.9,19,1
2015-4-20,11202,1.37008,0,0,13.9,7.8,7.38189,1,2015,4,0,328,1,1,6.1,20,1
2015-4-21,24868,0.200787,0,0,18.3,11.1,6.03973,2,2015,4,0,328,1,1,7.2,21,1
2015-4-22,21997,0.0511811,0,0,20.6,8.9,6.48712,3,2015,4,0,329,1,1,11.7,22,1
2015-4-23,22074,0,0,0,11.1,5,9.17144,4,2015,4,0,329,1,1,6.1,23,1
2015-4-24,20981,0,0,0,11.1,3.9,8.50036,5,2015,4,0,327,1,1,7.2,24,1
2015-4-25,21082,0,0,0,16.7,3.3,5.59234,6,2015,4,0,327,0,0,13.4,25,1
2015-4-26,21594,0,0,0,17.8,7.8,5.14495,0,2015,4,0,327,0,0,10,26,1
2015-4-27,25501,0,0,0,16.7,9.4,5.81603,1,2015,4,0,327,1,1,7.3,27,1
2015-4-28,29795,0,0,0,21.7,10,7.82928,2,2015,4,0,327,1,1,11.7,28,1
2015-4-29,31532,0,0,0,25.6,10,5.59234,3,2015,4,0,327,1,1,15.6,29,1
2015-4-30,29252,0,0,0,19.4,8.9,8.05297,4,2015,4,0,327,1,1,10.5,30,1
2015-5-1,27924,0,0,0,17.2,9.4,5.14495,5,2015,5,0,327,1,1,7.8,1,1
2015-5-2,25743,0,0,0,23.3,8.9,2.90802,6,2015,5,0,327,0,0,14.4,2,1
2015-5-3,27694,0,0,0,26.7,10.6,2.46063,0,2015,5,0,327,0,0,16.1,3,1
2015-5-4,32066,0,0,0,29.4,13.9,5.36865,1,2015,5,0,327,1,1,15.5,4,1
2015-5-5,33012,0,0,0,29.4,18.9,4.02649,2,2015,5,0,328,1,1,10.5,5,1
2015-5-6,30313,0,0,0,22.8,15,4.92126,3,2015,5,0,328,1,1,7.8,6,1
2015-5-7,34871,0,0,0,26.7,13.3,2.23694,4,2015,5,0,328,1,1,13.4,7,1
2015-5-8,34304,0,0,0,27.8,13.3,2.90802,5,2015,5,0,328,1,1,14.5,8,1
2015-5-9,24329,0,0,0,21.1,13.9,4.25018,6,2015,5,0,328,0,0,7.2,9,1
2015-5-10,26573,0,0,0,28.3,16.1,3.5791,0,2015,5,0,328,0,0,12.2,10,1
2015-5-11,32382,0,0,0,28.9,21.1,3.80279,1,2015,5,0,328,1,1,7.8,11,1
2015-5-12,35225,0,0,0,30,17.8,5.36865,2,2015,5,0,328,1,1,12.2,12,1
2015-5-13,33402,0,0,0,21.1,11.7,7.38189,3,2015,5,0,327,1,1,9.4,13,1
2015-5-14,40826,0,0,0,22.8,10,3.80279,4,2015,5,0,326,1,1,12.8,14,1
2015-5-15,34945,0,0,0,23.9,12.8,3.3554,5,2015,5,0,326,1,1,11.1,15,1
2015-5-16,23882,0.299213,0,0,23.9,13.9,2.01324,6,2015,5,0,327,0,0,10,16,1
2015-5-17,30969,0.019685,0,0,28.3,17.8,2.01324,0,2015,5,0,327,0,0,10.5,17,1
2015-5-18,31559,0,0,0,23.9,15.6,4.69757,1,2015,5,0,327,1,1,8.3,18,1
2015-5-19,33895,0,0,0,26.7,15,2.46063,2,2015,5,0,327,1,1,11.7,19,1
2015-5-20,33823,0,0,0,19.4,12.2,6.9345,3,2015,5,0,327,1,1,7.2,20,1
2015-5-21,31214,0,0,0,16.7,11.1,2.68432,4,2015,5,0,327,1,1,5.6,21,1
2015-5-22,31891,0,0,0,23.3,12.8,6.03973,5,2015,5,0,327,1,1,10.5,22,1
2015-5-23,23910,0,0,0,21.1,9.4,4.47387,6,2015,5,0,327,0,0,11.7,23,1
2015-5-24,25151,0,0,0,27.2,13.3,3.80279,0,2015,5,0,327,0,0,13.9,24,1
2015-5-25,28164,0,0,0,29.4,17.8,4.92126,1,2015,5,1,327,1,0,11.6,25,1
2015-5-26,35786,0,0,0,31.1,19.4,5.14495,2,2015,5,0,327,1,1,11.7,26,1
2015-5-27,33710,0.0787402,0,0,29.4,21.1,5.14495,3,2015,5,0,327,1,1,8.3,27,1
2015-5-28,35934,0,0,0,29.4,21.1,4.02649,4,2015,5,0,327,1,1,8.3,28,1
2015-5-29,37756,0,0,0,29.4,18.3,4.02649,5,2015,5,0,326,1,1,11.1,29,1
2015-5-30,31147,0,0,0,29.4,19.4,5.59234,6,2015,5,0,326,0,0,10,30,1
2015-5-31,19586,1.46063,0,0,30.6,13.9,5.59234,0,2015,5,0,326,0,0,16.7,31,1
2015-6-1,15283,0.720472,0,0,14.4,10.6,10.2899,1,2015,6,0,327,1,1,3.8,1,2
2015-6-2,11984,0.370079,0,0,12.8,10,6.26342,2,2015,6,0,327,1,1,2.8,2,2
2015-6-3,34590,0,0,0,21.1,11.1,4.69757,3,2015,6,0,327,1,1,10,3,2
2015-6-4,32772,0,0,0,18.3,12.2,5.14495,4,2015,6,0,327,1,1,6.1,4,2
2015-6-5,31294,0.129921,0,0,21.1,12.8,2.90802,5,2015,6,0,326,1,1,8.3,5,2
2015-6-6,26334,0.188976,0,0,24.4,15.6,4.69757,6,2015,6,0,326,0,0,8.8,6,2
2015-6-7,30773,0,0,0,23.3,12.8,3.80279,0,2015,6,0,326,0,0,10.5,7,2
2015-6-8,33585,0.0590551,0,0,26.1,17.2,6.03973,1,2015,6,0,326,1,1,8.9,8,2
2015-6-9,35412,0.011811,0,0,28.3,20,4.92126,2,2015,6,0,327,1,1,8.3,9,2
2015-6-10,39350,0,0,0,27.8,18.3,3.13171,3,2015,6,0,326,1,1,9.5,10,2
2015-6-11,37400,0,0,0,31.7,22.2,4.47387,4,2015,6,0,325,1,1,9.5,11,2
2015-6-12,35136,0,0,0,31.1,22.8,4.47387,5,2015,6,0,326,1,1,8.3,12,2
2015-6-13,29980,0,0,0,30,22.2,5.36865,6,2015,6,0,326,0,0,7.8,13,2
2015-6-14,28184,0.358268,0,0,31.1,18.9,2.68432,0,2015,6,0,326,0,0,12.2,14,2
2015-6-15,25087,0.570866,0,0,28.3,17.8,4.69757,1,2015,6,0,325,1,1,10.5,15,2
2015-6-16,32147,0.271654,0,0,26.1,18.3,2.23694,2,2015,6,0,326,1,1,7.8,16,2
2015-6-17,38030,0,0,0,27.8,18.9,3.80279,3,2015,6,0,325,1,1,8.9,17,2
2015-6-18,35464,0,0,0,21.7,17.8,3.5791,4,2015,6,0,325,1,1,3.9,18,2
2015-6-19,37380,0,0,0,30.6,20,3.80279,5,2015,6,0,325,1,1,10.6,19,2
2015-6-20,23580,0,0,0,23.9,17.8,5.36865,6,2015,6,0,325,0,0,6.1,20,2
2015-6-21,25926,0.641732,0,0,31.1,21.7,4.47387,0,2015,6,0,325,0,0,9.4,21,2
2015-6-22,37677,0,0,0,30.6,21.1,4.92126,1,2015,6,0,325,1,1,9.5,22,2
2015-6-23,32294,0.019685,0,0,32.2,23.9,5.81603,2,2015,6,0,325,1,1,8.3,23,2
2015-6-24,41070,0,0,0,28.9,20,4.69757,3,2015,6,0,325,1,1,8.9,24,2
2015-6-25,39673,0,0,0,28.3,18.3,3.13171,4,2015,6,0,325,1,1,10,25,2
2015-6-26,38614,0,0,0,27.2,20.6,4.47387,5,2015,6,0,325,1,1,6.6,26,2
2015-6-27,15485,1.11811,0,0,21.7,14.4,7.38189,6,2015,6,0,325,0,0,7.3,27,2
2015-6-28,20591,0.291339,0,0,22.8,16.7,5.36865,0,2015,6,0,324,0,0,6.1,28,2
2015-6-29,38037,0,0,0,24.4,17.2,4.92126,1,2015,6,0,324,1,1,7.2,29,2
2015-6-30,38087,0.0393701,0,0,27.8,20,4.92126,2,2015,6,0,326,1,1,7.8,30,2
2015-7-1,37539,0.389764,0,0,27.8,20.6,4.25018,3,2015,7,0,326,1,1,7.2,1,2
2015-7-2,35559,0,0,0,26.7,20.6,1.11847,4,2015,7,0,326,1,1,6.1,2,2
2015-7-3,26928,0,0,0,27.8,18.9,2.90802,5,2015,7,1,326,1,0,8.9,3,2
2015-7-4,21706,0,0,0,23.9,20.6,3.3554,6,2015,7,0,326,0,0,3.3,4,2
2015-7-5,25920,0,0,0,28.3,20,1.56586,0,2015,7,0,326,0,0,8.3,5,2
2015-7-6,35251,0,0,0,28.3,22.2,2.90802,1,2015,7,0,326,1,1,6.1,6,2
2015-7-7,36837,0.11811,0,0,31.1,23.9,4.92126,2,2015,7,0,326,1,1,7.2,7,2
2015-7-8,35047,0,0,0,31.1,25,3.13171,3,2015,7,0,327,1,1,6.1,8,2
2015-7-9,31978,0.299213,0,0,26.1,20,4.69757,4,2015,7,0,328,1,1,6.1,9,2
2015-7-10,38559,0,0,0,28.9,22.2,4.69757,5,2015,7,0,328,1,1,6.7,10,2
2015-7-11,31719,0,0,0,31.1,20.6,2.46063,6,2015,7,0,328,0,0,10.5,11,2
2015-7-12,31037,0,0,0,31.7,22.2,2.01324,0,2015,7,0,328,0,0,9.5,12,2
2015-7-13,38485,0,0,0,31.1,22.8,2.68432,1,2015,7,0,329,1,1,8.3,13,2
2015-7-14,35802,0.42126,0,0,27.8,22.8,2.68432,2,2015,7,0,329,1,1,5,14,2
2015-7-15,34979,0.11811,0,0,27.2,22.2,4.47387,3,2015,7,0,329,1,1,5,15,2
2015-7-16,42356,0,0,0,26.7,17.8,5.59234,4,2015,7,0,329,1,1,8.9,16,2
2015-7-17,39595,0,0,0,27.2,19.4,3.80279,5,2015,7,0,329,1,1,7.8,17,2
2015-7-18,28870,0.318898,0,0,29.4,21.7,4.47387,6,2015,7,0,329,0,0,7.7,18,2
2015-7-19,28531,0,0,0,33.9,25.6,3.13171,0,2015,7,0,329,0,0,8.3,19,2
2015-7-20,34889,0,0,0,34.4,27.8,4.47387,1,2015,7,0,329,1,1,6.6,20,2
2015-7-21,38499,0,0,0,31.7,23.3,2.46063,2,2015,7,0,329,1,1,8.4,21,2
2015-7-22,42557,0,0,0,29.4,20.6,5.81603,3,2015,7,0,329,1,1,8.8,22,2
2015-7-23,42175,0,0,0,30,20,3.80279,4,2015,7,0,329,1,1,10,23,2
2015-7-24,40330,0,0,0,30.6,21.1,2.01324,5,2015,7,0,329,1,1,9.5,24,2
2015-7-25,31639,0,0,0,31.1,20.6,3.13171,6,2015,7,0,329,0,0,10.5,25,2
2015-7-26,30543,0,0,0,32.2,23.3,4.47387,0,2015,7,0,329,0,0,8.9,26,2
2015-7-27,38747,0.358268,0,0,30,21.7,2.90802,1,2015,7,0,329,1,1,8.3,27,2
2015-7-28,40434,0,0,0,35,23.9,2.68432,2,2015,7,0,329,1,1,11.1,28,2
2015-7-29,39428,0,0,0,35.6,25.6,3.80279,3,2015,7,0,329,1,1,10,29,2
2015-7-30,31166,1.94882,0,0,30.6,24.4,4.25018,4,2015,7,0,329,1,1,6.2,30,2
2015-7-31,38571,0,0,0,31.7,22.2,3.3554,5,2015,7,0,329,1,1,9.5,31,2
2015-8-1,35179,0,0,0,31.7,23.9,4.47387,6,2015,8,0,331,0,0,7.8,1,2
2015-8-2,31622,0,0,0,31.7,21.7,2.01324,0,2015,8,0,331,0,0,10,2,2
2015-8-3,38888,0,0,0,32.2,23.9,4.92126,1,2015,8,0,332,1,1,8.3,3,2
2015-8-4,40783,0.429134,0,0,31.7,20.6,5.36865,2,2015,8,0,333,1,1,11.1,4,2
2015-8-5,41075,0,0,0,30.6,22.2,2.90802,3,2015,8,0,335,1,1,8.4,5,2
2015-8-6,42283,0,0,0,28.3,19.4,2.46063,4,2015,8,0,335,1,1,8.9,6,2
2015-8-7,40999,0,0,0,28.9,20.6,5.36865,5,2015,8,0,335,1,1,8.3,7,2
2015-8-8,38723,0,0,0,27.8,20,3.80279,6,2015,8,0,335,0,0,7.8,8,2
2015-8-9,32716,0,0,0,29.4,20,3.80279,0,2015,8,0,335,0,0,9.4,9,2
2015-8-10,39870,0,0,0,28.9,21.1,4.47387,1,2015,8,0,336,1,1,7.8,10,2
2015-8-11,25066,1.16929,0,0,27.2,21.7,4.25018,2,2015,8,0,338,1,1,5.5,11,2
2015-8-12,42994,0,0,0,29.4,21.7,4.69757,3,2015,8,0,343,1,1,7.7,12,2
2015-8-13,42170,0,0,0,28.3,19.4,3.13171,4,2015,8,0,348,1,1,8.9,13,2
2015-8-14,39983,0,0,0,31.1,19.4,2.90802,5,2015,8,0,353,1,1,11.7,14,2
2015-8-15,37821,0,0,0,33.3,22.8,3.3554,6,2015,8,0,353,0,0,10.5,15,2
2015-8-16,30344,0,0,0,33.9,24.4,1.56586,0,2015,8,0,355,0,0,9.5,16,2
2015-8-17,37449,0,0,0,35,25.6,3.3554,1,2015,8,0,362,1,1,9.4,17,2
2015-8-18,39916,0.291339,0,0,32.2,22.8,4.02649,2,2015,8,0,368,1,1,9.4,18,2
2015-8-19,40726,0,0,0,30.6,25,4.02649,3,2015,8,0,377,1,1,5.6,19,2
2015-8-20,39280,0.011811,0,0,30,25,5.59234,4,2015,8,0,384,1,1,5,20,2
2015-8-21,38038,0.318898,0,0,30.6,21.7,4.25018,5,2015,8,0,392,1,1,8.9,21,2
2015-8-22,34277,0,0,0,30,20.6,4.47387,6,2015,8,0,393,0,0,9.4,22,2
2015-8-23,33071,0,0,0,29.4,21.1,4.02649,0,2015,8,0,394,0,0,8.3,23,2
2015-8-24,38943,0,0,0,30.6,22.8,2.46063,1,2015,8,0,395,1,1,7.8,24,2
2015-8-25,41655,0,0,0,32.2,22.8,3.80279,2,2015,8,0,399,1,1,9.4,25,2
2015-8-26,42832,0,0,0,29.4,19.4,3.80279,3,2015,8,0,409,1,1,10,26,2
2015-8-27,43173,0,0,0,27.8,19.4,3.13171,4,2015,8,0,415,1,1,8.4,27,2
2015-8-28,41755,0,0,0,27.8,17.2,2.46063,5,2015,8,0,417,1,1,10.6,28,2
2015-8-29,34381,0,0,0,30.6,19.4,2.01324,6,2015,8,0,417,0,0,11.2,29,2
2015-8-30,32913,0.129921,0,0,32.2,22.2,4.02649,0,2015,8,0,418,0,0,10,30,2
2015-8-31,40119,0,0,0,32.8,24.4,4.47387,1,2015,8,0,421,1,1,8.4,31,2
2015-9-1,43291,0,0,0,32.2,24.4,2.23694,2,2015,9,0,422,1,1,7.8,1,3
2015-9-2,43225,0,0,0,32.8,23.3,1.78955,3,2015,9,0,424,1,1,9.5,2,3
2015-9-3,42879,0,0,0,33.9,23.3,2.01324,4,2015,9,0,426,1,1,10.6,3,3
2015-9-4,39956,0,0,0,29.4,22.2,6.9345,5,2015,9,0,428,1,1,7.2,4,3
2015-9-5,34005,0,0,0,28.3,19.4,4.02649,6,2015,9,0,428,0,0,8.9,5,3
2015-9-6,33199,0,0,0,30.6,18.3,1.34216,0,2015,9,0,428,0,0,12.3,6,3
2015-9-7,33682,0,0,0,33.3,21.1,4.25018,1,2015,9,1,429,1,0,12.2,7,3
2015-9-8,42766,0,0,0,36.1,24.4,4.92126,2,2015,9,0,432,1,1,11.7,8,3
2015-9-9,44005,0,0,0,32.2,24.4,3.80279,3,2015,9,0,435,1,1,7.8,9,3
2015-9-10,22253,1.57874,0,0,26.1,21.1,6.26342,4,2015,9,0,437,1,1,5,10,3
2015-9-11,47613,0,0,0,27.2,18.9,5.14495,5,2015,9,0,440,1,1,8.3,11,3
2015-9-12,33661,0.291339,0,0,26.1,20.6,4.25018,6,2015,9,0,439,0,0,5.5,12,3
2015-9-13,34794,0.0393701,0,0,26.7,16.7,6.26342,0,2015,9,0,439,0,0,10,13,3
2015-9-14,44668,0,0,0,25,15,6.48712,1,2015,9,0,442,1,1,10,14,3
2015-9-15,48729,0,0,0,28.9,16.7,2.23694,2,2015,9,0,445,1,1,12.2,15,3
2015-9-16,51179,0,0,0,31.1,18.9,1.34216,3,2015,9,0,446,1,1,12.2,16,3
2015-9-17,50705,0,0,0,31.7,20,2.23694,4,2015,9,0,446,1,1,11.7,17,3
2015-9-18,50285,0,0,0,30.6,20,2.01324,5,2015,9,0,447,1,1,10.6,18,3
2015-9-19,43011,0,0,0,28.3,20,2.68432,6,2015,9,0,447,0,0,8.3,19,3
2015-9-20,40462,0,0,0,26.1,17.8,7.82928,0,2015,9,0,447,0,0,8.3,20,3
2015-9-21,47180,0,0,0,22.8,15,7.60558,1,2015,9,0,448,1,1,7.8,21,3
2015-9-22,48685,0,0,0,21.7,16.7,6.9345,2,2015,9,0,447,1,1,5,22,3
2015-9-23,48366,0,0,0,26.7,15,2.90802,3,2015,9,0,448,1,1,11.7,23,3
2015-9-24,52706,0,0,0,27.8,15.6,4.25018,4,2015,9,0,449,1,1,12.2,24,3
2015-9-25,51368,0,0,0,24.4,17.2,6.26342,5,2015,9,0,450,1,1,7.2,25,3
2015-9-26,42560,0,0,0,22.2,16.1,6.03973,6,2015,9,0,450,0,0,6.1,26,3
2015-9-27,38285,0,0,0,21.7,13.3,4.92126,0,2015,9,0,451,0,0,8.4,27,3
2015-9-28,48011,0,0,0,25.6,18.3,3.3554,1,2015,9,0,451,1,1,7.3,28,3
2015-9-29,48725,0.110236,0,0,28.3,22.2,2.68432,2,2015,9,0,453,1,1,6.1,29,3
2015-9-30,39445,1.25984,0,0,26.1,15,8.27666,3,2015,9,0,453,1,1,11.1,30,3
2015-10-1,34719,0.0905512,0,0,17.8,13.3,8.72405,4,2015,10,0,455,1,1,4.5,1,3
2015-10-2,9444,1.07874,0,0,13.9,8.9,12.5268,5,2015,10,0,455,1,1,5,2,3
2015-10-3,16564,0.350394,0,0,12.8,9.4,11.4084,6,2015,10,0,455,0,0,3.4,3,3
2015-10-4,30214,0,0,0,17.2,11.7,10.7373,0,2015,10,0,456,0,0,5.5,4,3
2015-10-5,44581,0,0,0,19.4,11.1,6.26342,1,2015,10,0,458,1,1,8.3,5,3
2015-10-6,49719,0,0,0,22.8,11.1,1.56586,2,2015,10,0,461,1,1,11.7,6,3
2015-10-7,50141,0,0,0,22.8,14.4,2.90802,3,2015,10,0,462,1,1,8.4,7,3
2015-10-8,50179,0,0,0,22.2,15,3.3554,4,2015,10,0,464,1,1,7.2,8,3
2015-10-9,37283,0.889764,0,0,25.6,16.1,4.02649,5,2015,10,0,467,1,1,9.5,9,3
2015-10-10,39345,0,0,0,18.3,10,2.46063,6,2015,10,0,468,0,0,8.3,10,3
2015-10-11,38967,0,0,0,20.6,11.7,3.80279,0,2015,10,0,469,0,0,8.9,11,3
2015-10-12,45584,0,0,0,25,13.3,3.80279,1,2015,10,0,470,1,1,11.7,12,3
2015-10-13,49047,0.011811,0,0,22.2,16.1,3.5791,2,2015,10,0,470,1,1,6.1,13,3
2015-10-14,49998,0,0,0,20.6,13.9,3.80279,3,2015,10,0,472,1,1,6.7,14,3
2015-10-15,48783,0,0,0,17.8,10.6,4.02649,4,2015,10,0,471,1,1,7.2,15,3
2015-10-16,46484,0,0,0,17.8,11.7,5.36865,5,2015,10,0,472,1,1,6.1,16,3
2015-10-17,31809,0,0,0,13.3,5.6,5.81603,6,2015,10,0,472,0,0,7.7,17,3
2015-10-18,23978,0,0,0,10,3.3,4.92126,0,2015,10,0,472,0,0,6.7,18,3
2015-10-19,36570,0,0,0,11.7,1.7,3.80279,1,2015,10,0,472,1,1,10,19,3
2015-10-20,45376,0,0,0,21.1,8.9,6.03973,2,2015,10,0,472,1,1,12.2,20,3
2015-10-21,49121,0,0,0,24.4,13.9,2.23694,3,2015,10,0,473,1,1,10.5,21,3
2015-10-22,49604,0,0,0,23.9,14.4,4.69757,4,2015,10,0,471,1,1,9.5,22,3
2015-10-23,44679,0,0,0,18.3,7.2,6.71081,5,2015,10,0,471,1,1,11.1,23,3
2015-10-24,31713,0,0,0,13.9,4.4,4.02649,6,2015,10,0,471,0,0,9.5,24,3
2015-10-25,29289,0.0511811,0,0,20,8.9,4.92126,0,2015,10,0,471,0,0,11.1,25,3
2015-10-26,42165,0,0,0,14.4,7.8,3.80279,1,2015,10,0,469,1,1,6.6,26,3
2015-10-27,44553,0,0,0,15,7.2,4.47387,2,2015,10,0,467,1,1,7.8,27,3
2015-10-28,20736,1.40157,0,0,20.6,11.7,6.71081,3,2015,10,0,467,1,1,8.9,28,3
2015-10-29,45358,0.0393701,0,0,22.8,13.9,6.48712,4,2015,10,0,469,1,1,8.9,29,3
2015-10-30,44518,0,0,0,16.1,8.9,5.81603,5,2015,10,0,471,1,1,7.2,30,3
2015-10-31,31756,0,0,0,13.3,5.6,2.90802,6,2015,10,0,471,0,0,7.7,31,3
2015-11-1,30622,0,0,0,18.3,12.2,4.92126,0,2015,11,0,471,0,0,6.1,1,3
2015-11-2,44534,0,0,0,17.2,12.2,2.01324,1,2015,11,0,473,1,1,5,2,3
2015-11-3,49326,0,0,0,22.2,8.9,2.46063,2,2015,11,0,476,1,1,13.3,3,3
2015-11-4,49487,0,0,0,21.1,13.3,2.46063,3,2015,11,0,478,1,1,7.8,4,3
2015-11-5,43006,0.011811,0,0,21.7,13.3,2.01324,4,2015,11,0,479,1,1,8.4,5,3
2015-11-6,47162,0,0,0,23.3,18.9,4.69757,5,2015,11,0,479,1,1,4.4,6,3
2015-11-7,35586,0,0,0,22.2,11.7,4.47387,6,2015,11,0,479,0,0,10.5,7,3
2015-11-8,32317,0,0,0,13.3,7.8,3.5791,0,2015,11,0,479,0,0,5.5,8,3
2015-11-9,42262,0,0,0,15,6.1,2.01324,1,2015,11,0,479,1,1,8.9,9,3
2015-11-10,21585,0.259843,0,0,13.9,10.6,9.84252,2,2015,11,0,479,1,1,3.3,10,3
2015-11-11,37705,0.429134,0,0,14.4,9.4,4.92126,3,2015,11,0,479,1,1,5,11,3
2015-11-12,37319,0.011811,0,0,16.1,10.6,5.59234,4,2015,11,0,479,1,1,5.5,12,3
2015-11-13,38970,0,0,0,14.4,7.8,10.7373,5,2015,11,0,478,1,1,6.6,13,3
2015-11-14,25299,0,0,0,9.4,5.6,7.82928,6,2015,11,0,477,0,0,3.8,14,3
2015-11-15,25990,0,0,0,14.4,3.9,4.69757,0,2015,11,0,477,0,0,10.5,15,3
2015-11-16,40916,0,0,0,19.4,10.6,4.02649,1,2015,11,0,478,1,1,8.8,16,3
2015-11-17,38939,0,0,0,11.1,4.4,6.26342,2,2015,11,0,478,1,1,6.7,17,3
2015-11-18,41485,0,0,0,14.4,7.8,5.14495,3,2015,11,0,477,1,1,6.6,18,3
2015-11-19,21890,1.25197,0,0,17.8,13.9,5.59234,4,2015,11,0,477,1,1,3.9,19,3
2015-11-20,38205,0,0,0,17.8,7.8,5.81603,5,2015,11,0,477,1,1,10,20,3
2015-11-21,28038,0,0,0,11.7,5.6,6.48712,6,2015,11,0,477,0,0,6.1,21,3
2015-11-22,23343,0.0314961,0,0,12.8,5.6,6.26342,0,2015,11,0,477,0,0,7.2,22,3
2015-11-23,30136,0,0,0,6.7,0.6,5.81603,1,2015,11,0,476,1,1,6.1,23,3
2015-11-24,32218,0,0,0,7.8,0,3.80279,2,2015,11,0,476,1,1,7.8,24,3
2015-11-25,30295,0,0,0,10,2.2,2.68432,3,2015,11,0,476,1,1,7.8,25,3
2015-11-26,13291,0,0,0,15.6,5,2.90802,4,2015,11,1,474,1,0,10.6,26,3
2015-11-27,22824,0,0,0,17.8,10.6,3.80279,5,2015,11,1,474,1,0,7.2,27,3
2015-11-28,15830,0.019685,0,0,17.8,7.2,5.22,6,2015,11,0,474,0,0,10.6,28,3
2015-11-29,18452,0,0,0,9.4,3.3,5.22,0,2015,11,0,474,0,0,6.1,29,3
2015-11-30,30213,0,0,0,8.3,0.6,5.59234,1,2015,11,0,474,1,1,7.7,30,3
